text,label,is_clickbait,doc_id
"4 Top 7 paslaptys, kurias įmonės nenori, kad žinotumėte — Read more",clickbait,1,27191
28 Coach explains new defensive tactics after the game,sports,0,10559
"Top 7 paslaptys, kurias įmonės nenori, kad žinotumėte — You won't believe it (Berlin)",clickbait,1,5171
88 Open-source libraries accelerate machine learning workflows analitikų teigimu,tech,0,39466
31 Local team wins national championship in overtime,sports,0,9361
85 Local team wins national championship in overtime,sports,0,5120
Top 7 secrets companies don't want you to know — Number 5 is shocking (London),clickbait,1,14144
66 Atviro kodo bibliotekos pagreitina mašininio mokymosi procesus,tech,0,40923
79 Didelė saugumo spraga paveikė milijonus vartotojų dėl rinkos reakcijos,tech,0,37918
10 Kaip pagreitinti kompiuterį paprastais triukais,tech,0,31393
54 Major security breach affects millions of users worldwide po pranešimo (Paris),tech,0,19326
93 Star player signs a multi-year contract with club,sports,0,11035
91 Messi įmušė įspūdingą įvartį Lygų taurėje,sports,0,16586
41 She did X — what happens next will shock you (Paris),clickbait,1,45514
62 Coach explains new defensive tactics after the game,sports,0,26926
Apple unveils a new iPhone with advanced camera and AI features (Berlin),tech,0,1637
"24 Ji padarė X — kas nutiks toliau, pribloškia",clickbait,1,10067
16 Treneris aiškino naują gynybos taktiką po rungtynių,sports,0,11445
Didelė saugumo spraga paveikė milijonus vartotojų — analysts say (Vilnius),tech,0,1708
You won't believe what happened next — You won't believe it (London),clickbait,1,46157
42 Start-up raises $50 million to scale its AI platform,tech,0,42654
74 This trick will change your life forever,clickbait,0,42156
She did X — what happens next will shock you — Find out why,clickbait,1,8
Vietos komanda laimėjo nacionalinį čempionatą pratęsimuose in a surprise move (Madrid),sports,0,24541
65 Atviro kodo bibliotekos pagreitina mašininio mokymosi procesus,tech,0,20061
"14 Top 7 paslaptys, kurias įmonės nenori, kad žinotumėte — Read more",clickbait,1,43961
9 Messi įmušė įspūdingą įvartį Lygų taurėje,sports,0,30739
74 Žvaigždė pasirašė daugiametę sutartį su klubu,sports,0,2406
Treneris aiškino naują gynybos taktiką po rungtynių dėl rinkos reakcijos (London),sports,0,5891
"45 Central bank cuts rates, markets rally on dovish guidance in a surprise move",finance,0,48053
Šis triukas pakeis jūsų gyvenimą amžiams — Number 5 is shocking (New York),clickbait,1,1738
29 Messi įmušė įspūdingą įvartį Lygų taurėje,sports,0,8901
23 Analysts predict record profits for the banking sector dėl rinkos reakcijos (London),finance,0,3328
10 Žvaigždė pasirašė daugiametę sutartį su klubu amid concerns (New York),sports,0,47687
7 Startuolis pritraukė 50 mln. USD DI platformos plėtrai po pranešimo (Paris),tech,0,34099
Local team wins national championship in overtime after report,sports,0,2020
19 Startuolis pritraukė 50 mln. USD DI platformos plėtrai (New York),tech,0,48609
7 Messi scores a stunning goal in the Champions League match,sports,0,14059
31 Kaip pagreitinti kompiuterį paprastais triukais,tech,0,9177
Apple unveils a new iPhone with advanced camera and AI features — analysts say (Kaunas),tech,0,20269
33 This trick will change your life forever,clickbait,1,2156
38 Top 7 secrets companies don't want you to know (London),clickbait,0,5642
62 10 reasons you should never buy this gadget (Berlin),clickbait,1,37336
29 You won't believe what happened next,clickbait,1,14288
Atviro kodo bibliotekos pagreitina mašininio mokymosi procesus dėl rinkos reakcijos,tech,0,26
31 Treneris aiškino naują gynybos taktiką po rungtynių amid concerns (London),sports,0,17125
49 Top 7 secrets companies don't want you to know,clickbait,0,7349
Coach explains new defensive tactics after the game po pranešimo (Kaunas),sports,0,14273
92 Local team wins national championship in overtime,sports,0,906
23 „Apple“ pristatė naują iPhone su pažangia kamera ir DI funkcijomis (Kaunas),tech,0,15081
38 Žvaigždė pasirašė daugiametę sutartį su klubu,sports,0,47419
29 Coach explains new defensive tactics after the game,sports,0,9941
28 Transfer rumors suggest a record deal for the young striker,sports,0,2846
58 Apple unveils a new iPhone with advanced camera and AI features,tech,0,45728
55 You won't believe what happened next,clickbait,0,5102
"59 Ji padarė X — kas nutiks toliau, pribloškia",clickbait,1,2767
96 Didelė saugumo spraga paveikė milijonus vartotojų after report,tech,0,30560
87 10 reasons you should never buy this gadget,clickbait,0,28092
Start-up raises $50 million to scale its AI platform (New York),tech,0,1871
92 Treneris aiškino naują gynybos taktiką po rungtynių (Paris),sports,0,32044
Vietos komanda laimėjo nacionalinį čempionatą pratęsimuose (Vilnius),sports,0,1247
Apple unveils a new iPhone with advanced camera and AI features (London),tech,0,4817
Coach explains new defensive tactics after the game — analysts say (Vilnius),sports,0,44417
"58 Ji padarė X — kas nutiks toliau, pribloškia",clickbait,1,6126
23 10 reasons you should never buy this gadget,clickbait,1,1895
Major security breach affects millions of users worldwide after report (New York),tech,0,33467
Stock market falls amid inflation concerns dėl rinkos reakcijos,finance,0,3971
36 Atviro kodo bibliotekos pagreitina mašininio mokymosi procesus,tech,0,13452
6 „Apple“ pristatė naują iPhone su pažangia kamera ir DI funkcijomis,tech,0,26406
72 Apple unveils a new iPhone with advanced camera and AI features,tech,0,27456
98 Open-source libraries accelerate machine learning workflows (Berlin),tech,0,5432
Vietos komanda laimėjo nacionalinį čempionatą pratęsimuose (London),sports,0,216
9 Kaip pagreitinti kompiuterį paprastais triukais,tech,0,14002
76 Transfer rumors suggest a record deal for the young striker po pranešimo,sports,0,14976
Coach explains new defensive tactics after the game dėl rinkos reakcijos (New York),sports,0,11164
93 Start-up raises $50 million to scale its AI platform (Madrid),tech,0,1660
31 Treneris aiškino naują gynybos taktiką po rungtynių (Kaunas),sports,0,12974
Atviro kodo bibliotekos pagreitina mašininio mokymosi procesus — analysts say (Vilnius),tech,0,22458
75 Vietos komanda laimėjo nacionalinį čempionatą pratęsimuose,sports,0,29614
Messi scores a stunning goal in the Champions League match analitikų teigimu,sports,0,41
36 Analysts predict record profits for the banking sector,finance,0,20258
26 10 reasons you should never buy this gadget,clickbait,0,45019
10 reasons you should never buy this gadget — Find out why,clickbait,1,461
16 You won't believe what happened next,clickbait,0,25744
Coach explains new defensive tactics after the game amid concerns,sports,0,517
70 Stock market falls amid inflation concerns,finance,0,4352
91 Top 7 secrets companies don't want you to know — You won't believe it,clickbait,1,38658
Žvaigždė pasirašė daugiametę sutartį su klubu (Kaunas),sports,0,586
„Apple“ pristatė naują iPhone su pažangia kamera ir DI funkcijomis dėl rinkos reakcijos,tech,0,2344
17 Earnings beat expectations as revenue grows in cloud segment,finance,0,1117
Atviro kodo bibliotekos pagreitina mašininio mokymosi procesus (New York),tech,0,334
22 Earnings beat expectations as revenue grows in cloud segment analitikų teigimu,finance,0,34699
"67 Top 7 paslaptys, kurias įmonės nenori, kad žinotumėte — Find out why",clickbait,1,35007
85 Coach explains new defensive tactics after the game,sports,0,48763
45 She did X — what happens next will shock you — Read more,clickbait,1,45270
8 This trick will change your life forever (London),clickbait,0,15448
61 Šis triukas pakeis jūsų gyvenimą amžiams — Read more,clickbait,1,30467
19 She did X — what happens next will shock you,clickbait,0,25227
23 Coach explains new defensive tactics after the game (Paris),sports,0,24946
63 Messi įmušė įspūdingą įvartį Lygų taurėje,sports,0,39533
96 Atviro kodo bibliotekos pagreitina mašininio mokymosi procesus,tech,0,38046
67 How to speed up your computer with simple tweaks analitikų teigimu,tech,0,19715
7 Treneris aiškino naują gynybos taktiką po rungtynių,sports,0,20697
66 Vietos komanda laimėjo nacionalinį čempionatą pratęsimuose as markets react,sports,0,47109
95 Major security breach affects millions of users worldwide (Madrid),tech,0,28991
97 10 reasons you should never buy this gadget (Berlin),clickbait,0,5038
2 Coach explains new defensive tactics after the game analitikų teigimu,sports,0,32136
"36 Central bank cuts rates, markets rally on dovish guidance",finance,0,6489
93 Top 7 secrets companies don't want you to know,clickbait,0,45779
15 How to speed up your computer with simple tweaks (Berlin),tech,0,28434
11 Investors hedge inflation risk using index-linked bonds analitikų teigimu,finance,0,28377
Earnings beat expectations as revenue grows in cloud segment (London),finance,0,2351
Star player signs a multi-year contract with club as markets react (New York),sports,0,46954
"52 Central bank cuts rates, markets rally on dovish guidance (New York)",finance,0,23244
Žvaigždė pasirašė daugiametę sutartį su klubu,sports,0,148
Vietos komanda laimėjo nacionalinį čempionatą pratęsimuose amid concerns,sports,0,1996
"2 10 priežasčių, kodėl niekada nepirkti šio daikto",clickbait,1,6712
"Central bank cuts rates, markets rally on dovish guidance (Berlin)",finance,0,928
71 Messi scores a stunning goal in the Champions League match,sports,0,2548
Analysts predict record profits for the banking sector analitikų teigimu,finance,0,1123
Local team wins national championship in overtime in a surprise move,sports,0,4286
97 Startuolis pritraukė 50 mln. USD DI platformos plėtrai (London),tech,0,9733
36 She did X — what happens next will shock you,clickbait,0,28453
6 You won't believe what happened next — Number 5 is shocking (New York),clickbait,1,29781
10 Treneris aiškino naują gynybos taktiką po rungtynių,sports,0,30511
3 10 reasons you should never buy this gadget,clickbait,1,10905
Coach explains new defensive tactics after the game (Paris),sports,0,1925
67 Vietos komanda laimėjo nacionalinį čempionatą pratęsimuose as markets react (Paris),sports,0,19410
20 Messi įmušė įspūdingą įvartį Lygų taurėje,sports,0,990
27 Messi įmušė įspūdingą įvartį Lygų taurėje in a surprise move,sports,0,39213
44 Open-source libraries accelerate machine learning workflows,tech,0,43013
"53 Central bank cuts rates, markets rally on dovish guidance",finance,0,2213
97 Transfer rumors suggest a record deal for the young striker as markets react (London),sports,0,44837
31 Perėjimų gandai: jaunas puolėjas gali kainuoti rekordą dėl rinkos reakcijos,sports,0,20447
How to speed up your computer with simple tweaks dėl rinkos reakcijos,tech,0,2922
19 How to speed up your computer with simple tweaks,tech,0,28625
Investors hedge inflation risk using index-linked bonds,finance,0,108
49 Star player signs a multi-year contract with club (Berlin),sports,0,38599
31 Coach explains new defensive tactics after the game amid concerns,sports,0,6862
31 Vietos komanda laimėjo nacionalinį čempionatą pratęsimuose,sports,0,25727
80 Local team wins national championship in overtime,sports,0,40332
70 How to speed up your computer with simple tweaks,tech,0,20350
8 This trick will change your life forever,clickbait,0,44285
90 Open-source libraries accelerate machine learning workflows,tech,0,14377
66 You won't believe what happened next,clickbait,0,22698
47 Top 7 secrets companies don't want you to know,clickbait,1,35832
Stock market falls amid inflation concerns after report,finance,0,10604
90 „Apple“ pristatė naują iPhone su pažangia kamera ir DI funkcijomis dėl rinkos reakcijos (New York),tech,0,25642
56 Apple unveils a new iPhone with advanced camera and AI features,tech,0,16187
100 Start-up raises $50 million to scale its AI platform,tech,0,28594
94 Vietos komanda laimėjo nacionalinį čempionatą pratęsimuose,sports,0,12280
"Ji padarė X — kas nutiks toliau, pribloškia (Vilnius)",clickbait,1,1413
"10 priežasčių, kodėl niekada nepirkti šio daikto — Number 5 is shocking (Vilnius)",clickbait,1,6120
89 Messi įmušė įspūdingą įvartį Lygų taurėje,sports,0,14119
69 Investors hedge inflation risk using index-linked bonds — analysts say,finance,0,26380
40 Šis triukas pakeis jūsų gyvenimą amžiams,clickbait,1,28546
21 Atviro kodo bibliotekos pagreitina mašininio mokymosi procesus,tech,0,8997
73 Vietos komanda laimėjo nacionalinį čempionatą pratęsimuose,sports,0,14017
Perėjimų gandai: jaunas puolėjas gali kainuoti rekordą (Madrid),sports,0,2677
64 Transfer rumors suggest a record deal for the young striker,sports,0,48469
46 This trick will change your life forever,clickbait,0,357
43 Star player signs a multi-year contract with club,sports,0,3464
89 Major security breach affects millions of users worldwide,tech,0,18998
58 She did X — what happens next will shock you,clickbait,0,49060
Atviro kodo bibliotekos pagreitina mašininio mokymosi procesus — analysts say (Madrid),tech,0,23145
"Negalėsite patikėti, kas įvyko toliau — Find out why (New York)",clickbait,1,2045
Start-up raises $50 million to scale its AI platform dėl rinkos reakcijos (London),tech,0,9508
14 Treneris aiškino naują gynybos taktiką po rungtynių (London),sports,0,49366
55 Local team wins national championship in overtime,sports,0,21728
46 Local team wins national championship in overtime,sports,0,49148
32 Stock market falls amid inflation concerns dėl rinkos reakcijos,finance,0,24439
"Ji padarė X — kas nutiks toliau, pribloškia (Kaunas)",clickbait,1,698
Open-source libraries accelerate machine learning workflows — analysts say (Berlin),tech,0,20361
69 10 reasons you should never buy this gadget,clickbait,0,24213
88 Messi scores a stunning goal in the Champions League match po pranešimo,sports,0,11001
72 She did X — what happens next will shock you,clickbait,0,49973
Open-source libraries accelerate machine learning workflows after report,tech,0,1384
"Top 7 paslaptys, kurias įmonės nenori, kad žinotumėte — You won't believe it (Kaunas)",clickbait,1,1614
You won't believe what happened next — Read more (Kaunas),clickbait,1,20900
Major security breach affects millions of users worldwide after report (Berlin),tech,0,3218
76 She did X — what happens next will shock you,clickbait,1,11120
Žvaigždė pasirašė daugiametę sutartį su klubu dėl rinkos reakcijos (Berlin),sports,0,598
74 10 reasons you should never buy this gadget — Read more,clickbait,1,21636
9 Startuolis pritraukė 50 mln. USD DI platformos plėtrai,tech,0,299
10 reasons you should never buy this gadget — Number 5 is shocking (Paris),clickbait,1,28721
Treneris aiškino naują gynybos taktiką po rungtynių after report (Vilnius),sports,0,2690
Kaip pagreitinti kompiuterį paprastais triukais (Berlin),tech,0,5820
88 How to speed up your computer with simple tweaks (Berlin),tech,0,38151
Star player signs a multi-year contract with club po pranešimo (New York),sports,0,18039
"Ji padarė X — kas nutiks toliau, pribloškia — Read more (Paris)",clickbait,1,43735
86 She did X — what happens next will shock you (Paris),clickbait,1,8096
88 Open-source libraries accelerate machine learning workflows after report,tech,0,37220
59 Local team wins national championship in overtime (New York),sports,0,2915
65 Major security breach affects millions of users worldwide,tech,0,9548
18 Stock market falls amid inflation concerns,finance,0,25414
Coach explains new defensive tactics after the game (Vilnius),sports,0,587
100 You won't believe what happened next (Kaunas),clickbait,0,39990
52 Star player signs a multi-year contract with club dėl rinkos reakcijos,sports,0,33300
60 Kaip pagreitinti kompiuterį paprastais triukais,tech,0,21459
"72 Ji padarė X — kas nutiks toliau, pribloškia",clickbait,1,30330
58 Earnings beat expectations as revenue grows in cloud segment,finance,0,7146
79 Vietos komanda laimėjo nacionalinį čempionatą pratęsimuose,sports,0,18029
34 Didelė saugumo spraga paveikė milijonus vartotojų,tech,0,16258
Perėjimų gandai: jaunas puolėjas gali kainuoti rekordą in a surprise move (Kaunas),sports,0,45421
Treneris aiškino naują gynybos taktiką po rungtynių po pranešimo (Madrid),sports,0,42554
45 Earnings beat expectations as revenue grows in cloud segment (London),finance,0,3520
91 Apple unveils a new iPhone with advanced camera and AI features amid concerns,tech,0,30474
10 reasons you should never buy this gadget — You won't believe it (London),clickbait,1,13685
81 Startuolis pritraukė 50 mln. USD DI platformos plėtrai,tech,0,4401
90 Coach explains new defensive tactics after the game,sports,0,20337
Star player signs a multi-year contract with club po pranešimo (Kaunas),sports,0,12237
72 Treneris aiškino naują gynybos taktiką po rungtynių,sports,0,8791
Didelė saugumo spraga paveikė milijonus vartotojų (Kaunas),tech,0,5043
61 This trick will change your life forever,clickbait,0,24474
"85 10 priežasčių, kodėl niekada nepirkti šio daikto — Find out why",clickbait,1,16070
30 Star player signs a multi-year contract with club,sports,0,16499
32 Star player signs a multi-year contract with club,sports,0,9488
53 Stock market falls amid inflation concerns dėl rinkos reakcijos,finance,0,2698
Star player signs a multi-year contract with club po pranešimo (Berlin),sports,0,4267
66 Earnings beat expectations as revenue grows in cloud segment,finance,0,40631
34 Apple unveils a new iPhone with advanced camera and AI features,tech,0,6237
75 „Apple“ pristatė naują iPhone su pažangia kamera ir DI funkcijomis (New York),tech,0,2322
54 Žvaigždė pasirašė daugiametę sutartį su klubu,sports,0,9387
Messi scores a stunning goal in the Champions League match — analysts say (Paris),sports,0,34927
16 Transfer rumors suggest a record deal for the young striker (Berlin),sports,0,1369
49 Treneris aiškino naują gynybos taktiką po rungtynių,sports,0,17002
85 Investors hedge inflation risk using index-linked bonds (Madrid),finance,0,29527
Apple unveils a new iPhone with advanced camera and AI features dėl rinkos reakcijos (Madrid),tech,0,390
24 Open-source libraries accelerate machine learning workflows,tech,0,18478
28 Open-source libraries accelerate machine learning workflows,tech,0,40213
31 Startuolis pritraukė 50 mln. USD DI platformos plėtrai,tech,0,18785
62 10 reasons you should never buy this gadget,clickbait,0,12739
"63 10 priežasčių, kodėl niekada nepirkti šio daikto",clickbait,1,11133
This trick will change your life forever — You won't believe it (Paris),clickbait,1,35679
20 Start-up raises $50 million to scale its AI platform dėl rinkos reakcijos,tech,0,47735
"10 priežasčių, kodėl niekada nepirkti šio daikto",clickbait,1,12
88 Start-up raises $50 million to scale its AI platform,tech,0,12982
67 Apple unveils a new iPhone with advanced camera and AI features,tech,0,12737
"Ji padarė X — kas nutiks toliau, pribloškia — You won't believe it (New York)",clickbait,1,18821
15 Apple unveils a new iPhone with advanced camera and AI features analitikų teigimu,tech,0,13850
67 Coach explains new defensive tactics after the game,sports,0,28066
Apple unveils a new iPhone with advanced camera and AI features amid concerns (Kaunas),tech,0,39406
2 10 reasons you should never buy this gadget,clickbait,0,23362
Didelė saugumo spraga paveikė milijonus vartotojų (London),tech,0,2998
Apple unveils a new iPhone with advanced camera and AI features po pranešimo (Vilnius),tech,0,915
Messi įmušė įspūdingą įvartį Lygų taurėje analitikų teigimu,sports,0,929
35 Messi scores a stunning goal in the Champions League match po pranešimo,sports,0,193
53 Top 7 secrets companies don't want you to know (Kaunas),clickbait,1,34397
36 Start-up raises $50 million to scale its AI platform,tech,0,36870
64 This trick will change your life forever — Number 5 is shocking,clickbait,1,11738
65 Local team wins national championship in overtime,sports,0,32695
"81 Negalėsite patikėti, kas įvyko toliau",clickbait,1,23396
Kaip pagreitinti kompiuterį paprastais triukais,tech,0,30
"32 Central bank cuts rates, markets rally on dovish guidance dėl rinkos reakcijos",finance,0,16351
62 Top 7 secrets companies don't want you to know — Number 5 is shocking,clickbait,1,8236
90 Kaip pagreitinti kompiuterį paprastais triukais,tech,0,34184
4 10 reasons you should never buy this gadget,clickbait,0,18847
36 Analysts predict record profits for the banking sector — analysts say,finance,0,8802
62 Kaip pagreitinti kompiuterį paprastais triukais (London),tech,0,13887
6 Open-source libraries accelerate machine learning workflows,tech,0,9313
79 This trick will change your life forever,clickbait,0,11906
Star player signs a multi-year contract with club after report,sports,0,730
18 Start-up raises $50 million to scale its AI platform,tech,0,18741
Analysts predict record profits for the banking sector amid concerns,finance,0,2170
Messi įmušė įspūdingą įvartį Lygų taurėje in a surprise move (Vilnius),sports,0,39947
13 Investors hedge inflation risk using index-linked bonds,finance,0,17231
"89 Negalėsite patikėti, kas įvyko toliau (Madrid)",clickbait,1,38091
Startuolis pritraukė 50 mln. USD DI platformos plėtrai in a surprise move (Kaunas),tech,0,18389
46 Earnings beat expectations as revenue grows in cloud segment in a surprise move,finance,0,35177
46 Perėjimų gandai: jaunas puolėjas gali kainuoti rekordą,sports,0,5740
12 Local team wins national championship in overtime,sports,0,33748
60 Kaip pagreitinti kompiuterį paprastais triukais (New York),tech,0,9103
95 Major security breach affects millions of users worldwide in a surprise move,tech,0,38070
Messi scores a stunning goal in the Champions League match,sports,0,117
81 Messi įmušė įspūdingą įvartį Lygų taurėje,sports,0,5989
92 Start-up raises $50 million to scale its AI platform,tech,0,2120
16 Perėjimų gandai: jaunas puolėjas gali kainuoti rekordą,sports,0,34628
"33 Negalėsite patikėti, kas įvyko toliau — You won't believe it",clickbait,1,21228
Major security breach affects millions of users worldwide po pranešimo (Kaunas),tech,0,27633
95 Didelė saugumo spraga paveikė milijonus vartotojų,tech,0,5046
83 This trick will change your life forever (Madrid),clickbait,1,35005
„Apple“ pristatė naują iPhone su pažangia kamera ir DI funkcijomis as markets react,tech,0,4270
63 How to speed up your computer with simple tweaks,tech,0,32588
10 reasons you should never buy this gadget — You won't believe it (Madrid),clickbait,1,32415
"49 10 priežasčių, kodėl niekada nepirkti šio daikto (New York)",clickbait,1,13650
57 You won't believe what happened next (Kaunas),clickbait,0,33295
Open-source libraries accelerate machine learning workflows (Paris),tech,0,243
71 She did X — what happens next will shock you,clickbait,0,22868
"77 Central bank cuts rates, markets rally on dovish guidance",finance,0,25255
Major security breach affects millions of users worldwide — analysts say (Vilnius),tech,0,9506
30 She did X — what happens next will shock you,clickbait,0,43780
27 This trick will change your life forever (New York),clickbait,0,15462
6 You won't believe what happened next,clickbait,0,2563
"14 10 priežasčių, kodėl niekada nepirkti šio daikto",clickbait,1,37621
„Apple“ pristatė naują iPhone su pažangia kamera ir DI funkcijomis amid concerns,tech,0,2675
88 Earnings beat expectations as revenue grows in cloud segment,finance,0,7478
38 Transfer rumors suggest a record deal for the young striker as markets react,sports,0,19095
"80 Top 7 paslaptys, kurias įmonės nenori, kad žinotumėte — You won't believe it",clickbait,1,33215
Coach explains new defensive tactics after the game in a surprise move,sports,0,1695
7 Žvaigždė pasirašė daugiametę sutartį su klubu after report,sports,0,15501
Top 7 secrets companies don't want you to know (Paris),clickbait,0,454
40 Local team wins national championship in overtime po pranešimo,sports,0,21468
29 Local team wins national championship in overtime,sports,0,34368
9 Messi scores a stunning goal in the Champions League match,sports,0,39148
32 Didelė saugumo spraga paveikė milijonus vartotojų,tech,0,36456
59 Messi scores a stunning goal in the Champions League match,sports,0,38397
71 Coach explains new defensive tactics after the game,sports,0,5197
Kaip pagreitinti kompiuterį paprastais triukais (Kaunas),tech,0,3140
Analysts predict record profits for the banking sector po pranešimo,finance,0,12390
57 Start-up raises $50 million to scale its AI platform (Paris),tech,0,203
"60 10 priežasčių, kodėl niekada nepirkti šio daikto — Read more (Madrid)",clickbait,1,10367
Messi įmušė įspūdingą įvartį Lygų taurėje (Vilnius),sports,0,2639
Coach explains new defensive tactics after the game as markets react (Berlin),sports,0,34110
59 „Apple“ pristatė naują iPhone su pažangia kamera ir DI funkcijomis,tech,0,17668
62 Perėjimų gandai: jaunas puolėjas gali kainuoti rekordą,sports,0,6857
97 Earnings beat expectations as revenue grows in cloud segment dėl rinkos reakcijos,finance,0,42056
38 How to speed up your computer with simple tweaks amid concerns (Kaunas),tech,0,30081
90 This trick will change your life forever — Number 5 is shocking,clickbait,1,23620
Major security breach affects millions of users worldwide as markets react (New York),tech,0,41794
"Central bank cuts rates, markets rally on dovish guidance (New York)",finance,0,9464
69 Žvaigždė pasirašė daugiametę sutartį su klubu,sports,0,27166
99 Coach explains new defensive tactics after the game,sports,0,38906
Star player signs a multi-year contract with club amid concerns,sports,0,14985
Open-source libraries accelerate machine learning workflows — analysts say,tech,0,8160
73 10 reasons you should never buy this gadget,clickbait,0,11263
84 Treneris aiškino naują gynybos taktiką po rungtynių (Berlin),sports,0,35030
98 Didelė saugumo spraga paveikė milijonus vartotojų,tech,0,33527
47 Šis triukas pakeis jūsų gyvenimą amžiams,clickbait,1,1607
3 This trick will change your life forever,clickbait,0,11931
Kaip pagreitinti kompiuterį paprastais triukais dėl rinkos reakcijos (Berlin),tech,0,17243
„Apple“ pristatė naują iPhone su pažangia kamera ir DI funkcijomis in a surprise move (Berlin),tech,0,1624
58 Local team wins national championship in overtime dėl rinkos reakcijos,sports,0,11518
12 Earnings beat expectations as revenue grows in cloud segment,finance,0,34595
Messi įmušė įspūdingą įvartį Lygų taurėje,sports,0,66
How to speed up your computer with simple tweaks (Madrid),tech,0,3734
19 Apple unveils a new iPhone with advanced camera and AI features as markets react,tech,0,13363
40 Messi scores a stunning goal in the Champions League match (Paris),sports,0,7082
78 Didelė saugumo spraga paveikė milijonus vartotojų,tech,0,4576
"83 Negalėsite patikėti, kas įvyko toliau",clickbait,1,31465
70 Top 7 secrets companies don't want you to know,clickbait,0,26686
„Apple“ pristatė naują iPhone su pažangia kamera ir DI funkcijomis analitikų teigimu (Vilnius),tech,0,21479
39 Analysts predict record profits for the banking sector,finance,0,30808
"Top 7 paslaptys, kurias įmonės nenori, kad žinotumėte — Read more (London)",clickbait,1,9368
20 Investors hedge inflation risk using index-linked bonds,finance,0,1298
75 You won't believe what happened next — You won't believe it,clickbait,1,40925
50 Šis triukas pakeis jūsų gyvenimą amžiams,clickbait,1,1429
65 10 reasons you should never buy this gadget,clickbait,0,39164
Coach explains new defensive tactics after the game analitikų teigimu (New York),sports,0,15450
36 This trick will change your life forever,clickbait,0,39062
82 Earnings beat expectations as revenue grows in cloud segment,finance,0,31764
Startuolis pritraukė 50 mln. USD DI platformos plėtrai in a surprise move,tech,0,1694
"Ji padarė X — kas nutiks toliau, pribloškia — Find out why (London)",clickbait,1,17888
39 Top 7 secrets companies don't want you to know,clickbait,0,8692
"93 Central bank cuts rates, markets rally on dovish guidance",finance,0,18427
27 Analysts predict record profits for the banking sector analitikų teigimu,finance,0,15557
This trick will change your life forever — Number 5 is shocking (New York),clickbait,1,9540
Investors hedge inflation risk using index-linked bonds analitikų teigimu,finance,0,236
Earnings beat expectations as revenue grows in cloud segment po pranešimo (Vilnius),finance,0,21805
87 Atviro kodo bibliotekos pagreitina mašininio mokymosi procesus (London),tech,0,48144
41 You won't believe what happened next,clickbait,0,15907
55 Analysts predict record profits for the banking sector,finance,0,41147
52 Apple unveils a new iPhone with advanced camera and AI features,tech,0,7509
51 Transfer rumors suggest a record deal for the young striker,sports,0,8215
19 Messi scores a stunning goal in the Champions League match,sports,0,28292
Startuolis pritraukė 50 mln. USD DI platformos plėtrai in a surprise move (New York),tech,0,3541
Vietos komanda laimėjo nacionalinį čempionatą pratęsimuose dėl rinkos reakcijos,sports,0,2462
This trick will change your life forever — Find out why (New York),clickbait,1,44877
"92 10 priežasčių, kodėl niekada nepirkti šio daikto",clickbait,1,48970
49 You won't believe what happened next (Kaunas),clickbait,0,11651
Treneris aiškino naują gynybos taktiką po rungtynių dėl rinkos reakcijos (New York),sports,0,1015
19 Major security breach affects millions of users worldwide,tech,0,1204
Didelė saugumo spraga paveikė milijonus vartotojų analitikų teigimu,tech,0,1725
52 Earnings beat expectations as revenue grows in cloud segment (Vilnius),finance,0,36541
8 Earnings beat expectations as revenue grows in cloud segment,finance,0,4908
4 She did X — what happens next will shock you — Read more,clickbait,1,33310
68 Messi scores a stunning goal in the Champions League match (Vilnius),sports,0,43965
28 Top 7 secrets companies don't want you to know,clickbait,0,18911
30 Didelė saugumo spraga paveikė milijonus vartotojų,tech,0,5579
59 This trick will change your life forever,clickbait,0,2995
36 Žvaigždė pasirašė daugiametę sutartį su klubu,sports,0,13312
37 You won't believe what happened next,clickbait,0,12155
70 You won't believe what happened next (Vilnius),clickbait,0,9705
76 She did X — what happens next will shock you (Paris),clickbait,0,46927
76 You won't believe what happened next,clickbait,0,26006
Start-up raises $50 million to scale its AI platform (London),tech,0,566
2 Open-source libraries accelerate machine learning workflows,tech,0,30179
Investors hedge inflation risk using index-linked bonds amid concerns,finance,0,916
63 Vietos komanda laimėjo nacionalinį čempionatą pratęsimuose,sports,0,43255
72 Earnings beat expectations as revenue grows in cloud segment,finance,0,6217
Open-source libraries accelerate machine learning workflows amid concerns,tech,0,1752
59 Stock market falls amid inflation concerns po pranešimo (Berlin),finance,0,8154
49 You won't believe what happened next (New York),clickbait,0,49770
"100 Central bank cuts rates, markets rally on dovish guidance",finance,0,29396
Stock market falls amid inflation concerns (London),finance,0,306
34 Investors hedge inflation risk using index-linked bonds,finance,0,41139
57 You won't believe what happened next (Paris),clickbait,0,38126
86 Šis triukas pakeis jūsų gyvenimą amžiams — Find out why (London),clickbait,1,12643
76 Atviro kodo bibliotekos pagreitina mašininio mokymosi procesus,tech,0,8323
68 Žvaigždė pasirašė daugiametę sutartį su klubu po pranešimo,sports,0,45030
"27 10 priežasčių, kodėl niekada nepirkti šio daikto",clickbait,1,11379
46 „Apple“ pristatė naują iPhone su pažangia kamera ir DI funkcijomis,tech,0,23751
This trick will change your life forever,clickbait,0,33
Local team wins national championship in overtime analitikų teigimu,sports,0,5144
50 Top 7 secrets companies don't want you to know,clickbait,0,31237
Coach explains new defensive tactics after the game amid concerns (London),sports,0,49727
93 Local team wins national championship in overtime,sports,0,37925
23 Coach explains new defensive tactics after the game,sports,0,3211
74 Didelė saugumo spraga paveikė milijonus vartotojų,tech,0,26065
2 Coach explains new defensive tactics after the game,sports,0,26496
26 Local team wins national championship in overtime analitikų teigimu,sports,0,4999
"82 Top 7 paslaptys, kurias įmonės nenori, kad žinotumėte — Number 5 is shocking",clickbait,1,22404
94 Open-source libraries accelerate machine learning workflows,tech,0,46409
13 Local team wins national championship in overtime,sports,0,29329
78 Star player signs a multi-year contract with club in a surprise move,sports,0,3547
"31 Top 7 paslaptys, kurias įmonės nenori, kad žinotumėte",clickbait,1,20589
74 This trick will change your life forever — Number 5 is shocking,clickbait,1,48348
This trick will change your life forever — Find out why (London),clickbait,1,14065
82 Analysts predict record profits for the banking sector,finance,0,17815
52 This trick will change your life forever (Paris),clickbait,0,44621
Coach explains new defensive tactics after the game dėl rinkos reakcijos (London),sports,0,2209
63 Investors hedge inflation risk using index-linked bonds,finance,0,12903
Messi scores a stunning goal in the Champions League match analitikų teigimu (Madrid),sports,0,4144
58 You won't believe what happened next (Berlin),clickbait,1,21587
Treneris aiškino naują gynybos taktiką po rungtynių — analysts say (Kaunas),sports,0,42884
94 Earnings beat expectations as revenue grows in cloud segment,finance,0,49014
Messi įmušė įspūdingą įvartį Lygų taurėje po pranešimo (New York),sports,0,14298
9 Žvaigždė pasirašė daugiametę sutartį su klubu (Paris),sports,0,41312
14 Start-up raises $50 million to scale its AI platform (Paris),tech,0,26377
Šis triukas pakeis jūsų gyvenimą amžiams — You won't believe it (New York),clickbait,1,3070
66 Treneris aiškino naują gynybos taktiką po rungtynių dėl rinkos reakcijos,sports,0,30040
Didelė saugumo spraga paveikė milijonus vartotojų as markets react,tech,0,2227
Treneris aiškino naują gynybos taktiką po rungtynių — analysts say,sports,0,718
79 Apple unveils a new iPhone with advanced camera and AI features analitikų teigimu,tech,0,36168
33 Coach explains new defensive tactics after the game,sports,0,5232
95 Vietos komanda laimėjo nacionalinį čempionatą pratęsimuose,sports,0,8380
2 Perėjimų gandai: jaunas puolėjas gali kainuoti rekordą,sports,0,9679
She did X — what happens next will shock you (Berlin),clickbait,0,103
Vietos komanda laimėjo nacionalinį čempionatą pratęsimuose (Paris),sports,0,653
56 This trick will change your life forever (London),clickbait,0,45835
81 Major security breach affects millions of users worldwide,tech,0,7336
Vietos komanda laimėjo nacionalinį čempionatą pratęsimuose in a surprise move (Vilnius),sports,0,10589
25 Messi įmušė įspūdingą įvartį Lygų taurėje (London),sports,0,11328
Messi scores a stunning goal in the Champions League match amid concerns (London),sports,0,20224
87 She did X — what happens next will shock you,clickbait,0,19620
45 Open-source libraries accelerate machine learning workflows,tech,0,9211
Apple unveils a new iPhone with advanced camera and AI features in a surprise move,tech,0,5278
67 Stock market falls amid inflation concerns,finance,0,3960
Start-up raises $50 million to scale its AI platform as markets react (Berlin),tech,0,38195
63 This trick will change your life forever,clickbait,0,119
Stock market falls amid inflation concerns analitikų teigimu (New York),finance,0,49953
Atviro kodo bibliotekos pagreitina mašininio mokymosi procesus (Paris),tech,0,6838
76 10 reasons you should never buy this gadget,clickbait,0,24068
"Central bank cuts rates, markets rally on dovish guidance in a surprise move (Vilnius)",finance,0,33328
44 Earnings beat expectations as revenue grows in cloud segment,finance,0,13032
Atviro kodo bibliotekos pagreitina mašininio mokymosi procesus analitikų teigimu (New York),tech,0,37136
28 Stock market falls amid inflation concerns,finance,0,40792
82 Atviro kodo bibliotekos pagreitina mašininio mokymosi procesus (Kaunas),tech,0,43128
38 Analysts predict record profits for the banking sector,finance,0,9887
"74 10 priežasčių, kodėl niekada nepirkti šio daikto",clickbait,1,34571
Didelė saugumo spraga paveikė milijonus vartotojų,tech,0,73
6 Investors hedge inflation risk using index-linked bonds (Vilnius),finance,0,8850
"74 Central bank cuts rates, markets rally on dovish guidance",finance,0,6918
"46 Central bank cuts rates, markets rally on dovish guidance",finance,0,36629
Major security breach affects millions of users worldwide (New York),tech,0,5375
39 Treneris aiškino naują gynybos taktiką po rungtynių (Kaunas),sports,0,19553
30 Apple unveils a new iPhone with advanced camera and AI features in a surprise move,tech,0,30927
7 Star player signs a multi-year contract with club (Paris),sports,0,45581
"34 Central bank cuts rates, markets rally on dovish guidance",finance,0,42733
34 Kaip pagreitinti kompiuterį paprastais triukais (Paris),tech,0,35641
16 Apple unveils a new iPhone with advanced camera and AI features (London),tech,0,38003
96 Top 7 secrets companies don't want you to know,clickbait,0,13471
"92 Negalėsite patikėti, kas įvyko toliau — Find out why",clickbait,1,6302
Kaip pagreitinti kompiuterį paprastais triukais as markets react (Vilnius),tech,0,39241
67 Žvaigždė pasirašė daugiametę sutartį su klubu after report,sports,0,12350
13 Coach explains new defensive tactics after the game,sports,0,31312
45 Didelė saugumo spraga paveikė milijonus vartotojų,tech,0,6069
80 How to speed up your computer with simple tweaks,tech,0,3839
17 Investors hedge inflation risk using index-linked bonds analitikų teigimu,finance,0,5510
99 Transfer rumors suggest a record deal for the young striker,sports,0,24039
57 Startuolis pritraukė 50 mln. USD DI platformos plėtrai,tech,0,3739
81 10 reasons you should never buy this gadget,clickbait,0,27595
28 This trick will change your life forever (Kaunas),clickbait,1,2160
"48 Negalėsite patikėti, kas įvyko toliau",clickbait,1,26287
28 Local team wins national championship in overtime,sports,0,365
27 Vietos komanda laimėjo nacionalinį čempionatą pratęsimuose (Vilnius),sports,0,11964
"57 Top 7 paslaptys, kurias įmonės nenori, kad žinotumėte — Find out why (Paris)",clickbait,1,23210
89 Stock market falls amid inflation concerns,finance,0,20448
44 „Apple“ pristatė naują iPhone su pažangia kamera ir DI funkcijomis (Berlin),tech,0,34547
This trick will change your life forever — Find out why (Madrid),clickbait,1,10935
"Negalėsite patikėti, kas įvyko toliau — Find out why (Paris)",clickbait,1,6078
43 Treneris aiškino naują gynybos taktiką po rungtynių (London),sports,0,13329
56 Perėjimų gandai: jaunas puolėjas gali kainuoti rekordą dėl rinkos reakcijos,sports,0,9104
67 „Apple“ pristatė naują iPhone su pažangia kamera ir DI funkcijomis,tech,0,32745
88 Open-source libraries accelerate machine learning workflows (Paris),tech,0,18868
79 You won't believe what happened next (London),clickbait,0,26766
"55 Ji padarė X — kas nutiks toliau, pribloškia — You won't believe it (Paris)",clickbait,1,29366
14 10 reasons you should never buy this gadget,clickbait,0,38922
Žvaigždė pasirašė daugiametę sutartį su klubu po pranešimo,sports,0,621
53 „Apple“ pristatė naują iPhone su pažangia kamera ir DI funkcijomis (Paris),tech,0,21843
82 Top 7 secrets companies don't want you to know,clickbait,0,20977
Stock market falls amid inflation concerns as markets react (Berlin),finance,0,32578
79 Vietos komanda laimėjo nacionalinį čempionatą pratęsimuose (Vilnius),sports,0,43459
59 Atviro kodo bibliotekos pagreitina mašininio mokymosi procesus amid concerns,tech,0,13137
80 Messi įmušė įspūdingą įvartį Lygų taurėje (Paris),sports,0,23700
"29 10 priežasčių, kodėl niekada nepirkti šio daikto — Read more",clickbait,1,9409
37 Stock market falls amid inflation concerns amid concerns (Berlin),finance,0,4959
"89 Negalėsite patikėti, kas įvyko toliau — Find out why",clickbait,1,18330
18 Atviro kodo bibliotekos pagreitina mašininio mokymosi procesus,tech,0,1849
"Central bank cuts rates, markets rally on dovish guidance (Madrid)",finance,0,1373
75 Start-up raises $50 million to scale its AI platform,tech,0,8193
64 10 reasons you should never buy this gadget (Vilnius),clickbait,1,48215
"12 Central bank cuts rates, markets rally on dovish guidance",finance,0,8941
82 Messi įmušė įspūdingą įvartį Lygų taurėje,sports,0,10970
43 Open-source libraries accelerate machine learning workflows,tech,0,33095
Start-up raises $50 million to scale its AI platform (Madrid),tech,0,19
Earnings beat expectations as revenue grows in cloud segment amid concerns (Kaunas),finance,0,20772
57 Investors hedge inflation risk using index-linked bonds,finance,0,3169
54 Investors hedge inflation risk using index-linked bonds,finance,0,13576
66 Open-source libraries accelerate machine learning workflows,tech,0,13955
Perėjimų gandai: jaunas puolėjas gali kainuoti rekordą as markets react (Madrid),sports,0,7798
69 Perėjimų gandai: jaunas puolėjas gali kainuoti rekordą,sports,0,8443
Local team wins national championship in overtime po pranešimo,sports,0,1198
Kaip pagreitinti kompiuterį paprastais triukais (Madrid),tech,0,643
84 How to speed up your computer with simple tweaks,tech,0,29330
Šis triukas pakeis jūsų gyvenimą amžiams (Madrid),clickbait,1,6366
70 She did X — what happens next will shock you,clickbait,0,7098
88 Coach explains new defensive tactics after the game,sports,0,4596
Šis triukas pakeis jūsų gyvenimą amžiams — Find out why (New York),clickbait,1,3740
"20 Central bank cuts rates, markets rally on dovish guidance",finance,0,24754
63 Transfer rumors suggest a record deal for the young striker po pranešimo,sports,0,44100
Kaip pagreitinti kompiuterį paprastais triukais amid concerns (Kaunas),tech,0,41797
31 Šis triukas pakeis jūsų gyvenimą amžiams (London),clickbait,1,24037
"Top 7 paslaptys, kurias įmonės nenori, kad žinotumėte (New York)",clickbait,1,2938
"19 10 priežasčių, kodėl niekada nepirkti šio daikto — You won't believe it",clickbait,1,19902
47 How to speed up your computer with simple tweaks,tech,0,26966
"Central bank cuts rates, markets rally on dovish guidance amid concerns (Madrid)",finance,0,39129
69 Top 7 secrets companies don't want you to know,clickbait,0,27034
12 This trick will change your life forever,clickbait,1,32645
17 Start-up raises $50 million to scale its AI platform,tech,0,27903
Startuolis pritraukė 50 mln. USD DI platformos plėtrai analitikų teigimu (Paris),tech,0,25734
Major security breach affects millions of users worldwide analitikų teigimu (Madrid),tech,0,18078
90 Top 7 secrets companies don't want you to know (Kaunas),clickbait,0,11153
"96 Top 7 paslaptys, kurias įmonės nenori, kad žinotumėte (London)",clickbait,1,29762
11 Messi scores a stunning goal in the Champions League match,sports,0,3668
69 Transfer rumors suggest a record deal for the young striker,sports,0,39488
Šis triukas pakeis jūsų gyvenimą amžiams — Number 5 is shocking (Madrid),clickbait,1,29264
Start-up raises $50 million to scale its AI platform,tech,0,80
2 Messi įmušė įspūdingą įvartį Lygų taurėje,sports,0,2246
41 Kaip pagreitinti kompiuterį paprastais triukais,tech,0,43458
"10 Top 7 paslaptys, kurias įmonės nenori, kad žinotumėte",clickbait,1,30382
32 Šis triukas pakeis jūsų gyvenimą amžiams — Find out why,clickbait,1,1876
52 Stock market falls amid inflation concerns after report,finance,0,25056
How to speed up your computer with simple tweaks amid concerns (Vilnius),tech,0,17571
Apple unveils a new iPhone with advanced camera and AI features amid concerns,tech,0,1518
75 How to speed up your computer with simple tweaks,tech,0,33605
66 Perėjimų gandai: jaunas puolėjas gali kainuoti rekordą dėl rinkos reakcijos,sports,0,38673
41 She did X — what happens next will shock you,clickbait,1,48621
Star player signs a multi-year contract with club dėl rinkos reakcijos (New York),sports,0,6693
99 Top 7 secrets companies don't want you to know,clickbait,0,8784
7 „Apple“ pristatė naują iPhone su pažangia kamera ir DI funkcijomis,tech,0,41786
15 Apple unveils a new iPhone with advanced camera and AI features (Paris),tech,0,26342
68 Stock market falls amid inflation concerns dėl rinkos reakcijos,finance,0,45645
11 Didelė saugumo spraga paveikė milijonus vartotojų dėl rinkos reakcijos (Vilnius),tech,0,42975
23 This trick will change your life forever (Paris),clickbait,1,46906
83 Atviro kodo bibliotekos pagreitina mašininio mokymosi procesus,tech,0,41077
71 „Apple“ pristatė naują iPhone su pažangia kamera ir DI funkcijomis,tech,0,264
3 Perėjimų gandai: jaunas puolėjas gali kainuoti rekordą,sports,0,8729
81 She did X — what happens next will shock you,clickbait,1,7330
96 Investors hedge inflation risk using index-linked bonds (Berlin),finance,0,48521
45 This trick will change your life forever,clickbait,0,7513
Open-source libraries accelerate machine learning workflows (Berlin),tech,0,303
"59 10 priežasčių, kodėl niekada nepirkti šio daikto",clickbait,1,16603
How to speed up your computer with simple tweaks analitikų teigimu (London),tech,0,11148
2 This trick will change your life forever (Berlin),clickbait,0,30290
72 Coach explains new defensive tactics after the game,sports,0,39939
"26 Top 7 paslaptys, kurias įmonės nenori, kad žinotumėte (Berlin)",clickbait,1,22198
"Ji padarė X — kas nutiks toliau, pribloškia — Number 5 is shocking (Berlin)",clickbait,1,1775
"7 10 priežasčių, kodėl niekada nepirkti šio daikto — You won't believe it (Berlin)",clickbait,1,35126
"25 Ji padarė X — kas nutiks toliau, pribloškia — Number 5 is shocking (Berlin)",clickbait,1,46910
You won't believe what happened next — You won't believe it (New York),clickbait,1,19006
Stock market falls amid inflation concerns po pranešimo (Madrid),finance,0,30800
This trick will change your life forever (Berlin),clickbait,1,3497
Perėjimų gandai: jaunas puolėjas gali kainuoti rekordą (New York),sports,0,716
"7 Central bank cuts rates, markets rally on dovish guidance",finance,0,34286
60 10 reasons you should never buy this gadget (Vilnius),clickbait,1,10698
"Ji padarė X — kas nutiks toliau, pribloškia — Find out why",clickbait,1,272
45 Treneris aiškino naują gynybos taktiką po rungtynių,sports,0,9466
38 She did X — what happens next will shock you — Read more,clickbait,1,41526
83 This trick will change your life forever,clickbait,0,26028
How to speed up your computer with simple tweaks po pranešimo (Madrid),tech,0,5381
63 Top 7 secrets companies don't want you to know,clickbait,1,2079
61 Apple unveils a new iPhone with advanced camera and AI features,tech,0,31056
Apple unveils a new iPhone with advanced camera and AI features as markets react,tech,0,5180
40 This trick will change your life forever,clickbait,0,15485
Messi įmušė įspūdingą įvartį Lygų taurėje amid concerns (New York),sports,0,3542
32 Analysts predict record profits for the banking sector po pranešimo,finance,0,31605
60 You won't believe what happened next,clickbait,0,5163
58 You won't believe what happened next,clickbait,1,19389
50 Šis triukas pakeis jūsų gyvenimą amžiams — You won't believe it,clickbait,1,37937
"53 Ji padarė X — kas nutiks toliau, pribloškia",clickbait,1,7433
"Top 7 paslaptys, kurias įmonės nenori, kad žinotumėte — Find out why (Madrid)",clickbait,1,21254
72 Kaip pagreitinti kompiuterį paprastais triukais,tech,0,40718
3 Earnings beat expectations as revenue grows in cloud segment,finance,0,1000
17 You won't believe what happened next — Number 5 is shocking (Paris),clickbait,1,30887
Messi įmušė įspūdingą įvartį Lygų taurėje as markets react (New York),sports,0,32620
10 reasons you should never buy this gadget — Find out why (London),clickbait,1,854
83 Kaip pagreitinti kompiuterį paprastais triukais — analysts say,tech,0,21559
Vietos komanda laimėjo nacionalinį čempionatą pratęsimuose amid concerns (London),sports,0,28757
2 Vietos komanda laimėjo nacionalinį čempionatą pratęsimuose,sports,0,37887
"40 Ji padarė X — kas nutiks toliau, pribloškia",clickbait,1,21941
Investors hedge inflation risk using index-linked bonds after report,finance,0,2258
"94 Top 7 paslaptys, kurias įmonės nenori, kad žinotumėte",clickbait,1,20312
Transfer rumors suggest a record deal for the young striker as markets react,sports,0,4164
Treneris aiškino naują gynybos taktiką po rungtynių analitikų teigimu,sports,0,3273
5 Earnings beat expectations as revenue grows in cloud segment,finance,0,15587
45 Local team wins national championship in overtime (Berlin),sports,0,44207
Startuolis pritraukė 50 mln. USD DI platformos plėtrai po pranešimo (Paris),tech,0,31428
"96 Top 7 paslaptys, kurias įmonės nenori, kad žinotumėte",clickbait,1,47356
Startuolis pritraukė 50 mln. USD DI platformos plėtrai as markets react (Berlin),tech,0,28364
Analysts predict record profits for the banking sector (New York),finance,0,932
64 You won't believe what happened next,clickbait,1,37285
20 Stock market falls amid inflation concerns,finance,0,47402
31 You won't believe what happened next,clickbait,0,27810
10 Earnings beat expectations as revenue grows in cloud segment,finance,0,4190
25 Major security breach affects millions of users worldwide (Vilnius),tech,0,25655
Star player signs a multi-year contract with club after report (Madrid),sports,0,4054
13 Didelė saugumo spraga paveikė milijonus vartotojų (Kaunas),tech,0,20983
16 Messi įmušė įspūdingą įvartį Lygų taurėje,sports,0,41193
41 Earnings beat expectations as revenue grows in cloud segment amid concerns,finance,0,15680
68 Start-up raises $50 million to scale its AI platform,tech,0,27366
Transfer rumors suggest a record deal for the young striker (New York),sports,0,10048
52 Apple unveils a new iPhone with advanced camera and AI features — analysts say,tech,0,12630
38 This trick will change your life forever — You won't believe it,clickbait,1,43655
34 Stock market falls amid inflation concerns (Kaunas),finance,0,10363
47 She did X — what happens next will shock you (London),clickbait,0,1216
61 10 reasons you should never buy this gadget,clickbait,0,32993
57 Analysts predict record profits for the banking sector,finance,0,13628
7 Kaip pagreitinti kompiuterį paprastais triukais dėl rinkos reakcijos (New York),tech,0,2551
Investors hedge inflation risk using index-linked bonds dėl rinkos reakcijos (Vilnius),finance,0,34143
38 How to speed up your computer with simple tweaks,tech,0,30002
53 Stock market falls amid inflation concerns analitikų teigimu,finance,0,27799
"Negalėsite patikėti, kas įvyko toliau (Vilnius)",clickbait,1,8554
22 Major security breach affects millions of users worldwide,tech,0,6443
74 Top 7 secrets companies don't want you to know,clickbait,0,31975
78 This trick will change your life forever — Number 5 is shocking,clickbait,1,9077
This trick will change your life forever — Read more (Madrid),clickbait,1,44600
"17 10 priežasčių, kodėl niekada nepirkti šio daikto — Read more (Berlin)",clickbait,1,3627
„Apple“ pristatė naują iPhone su pažangia kamera ir DI funkcijomis amid concerns (Madrid),tech,0,31037
2 Stock market falls amid inflation concerns,finance,0,19178
66 Investors hedge inflation risk using index-linked bonds,finance,0,41819
Top 7 secrets companies don't want you to know (London),clickbait,0,445
72 Startuolis pritraukė 50 mln. USD DI platformos plėtrai (Kaunas),tech,0,43831
70 Open-source libraries accelerate machine learning workflows,tech,0,10871
Analysts predict record profits for the banking sector (London),finance,0,70
29 Stock market falls amid inflation concerns,finance,0,19912
100 Messi įmušė įspūdingą įvartį Lygų taurėje po pranešimo,sports,0,16170
37 Didelė saugumo spraga paveikė milijonus vartotojų,tech,0,37739
98 Apple unveils a new iPhone with advanced camera and AI features,tech,0,4435
Messi įmušė įspūdingą įvartį Lygų taurėje po pranešimo (Madrid),sports,0,7786
12 Perėjimų gandai: jaunas puolėjas gali kainuoti rekordą (New York),sports,0,4633
Messi įmušė įspūdingą įvartį Lygų taurėje in a surprise move,sports,0,13344
18 Didelė saugumo spraga paveikė milijonus vartotojų dėl rinkos reakcijos,tech,0,10769
8 Messi scores a stunning goal in the Champions League match (Berlin),sports,0,9249
16 Apple unveils a new iPhone with advanced camera and AI features po pranešimo,tech,0,24129
Local team wins national championship in overtime analitikų teigimu (New York),sports,0,33268
Kaip pagreitinti kompiuterį paprastais triukais analitikų teigimu (Paris),tech,0,38602
33 Stock market falls amid inflation concerns,finance,0,32611
"Ji padarė X — kas nutiks toliau, pribloškia — Find out why (Paris)",clickbait,1,8315
50 She did X — what happens next will shock you,clickbait,0,29741
71 10 reasons you should never buy this gadget (New York),clickbait,0,40424
10 reasons you should never buy this gadget — Read more (New York),clickbait,1,27328
41 Top 7 secrets companies don't want you to know,clickbait,0,12256
"10 priežasčių, kodėl niekada nepirkti šio daikto — Find out why (Madrid)",clickbait,1,10096
40 Star player signs a multi-year contract with club,sports,0,17771
Treneris aiškino naują gynybos taktiką po rungtynių amid concerns (Vilnius),sports,0,23741
65 Treneris aiškino naują gynybos taktiką po rungtynių (London),sports,0,32654
91 You won't believe what happened next (London),clickbait,1,8801
67 Messi scores a stunning goal in the Champions League match,sports,0,24143
Treneris aiškino naują gynybos taktiką po rungtynių (Kaunas),sports,0,3163
12 „Apple“ pristatė naują iPhone su pažangia kamera ir DI funkcijomis,tech,0,43387
50 Star player signs a multi-year contract with club,sports,0,14894
41 Vietos komanda laimėjo nacionalinį čempionatą pratęsimuose (London),sports,0,38864
21 Start-up raises $50 million to scale its AI platform,tech,0,18558
43 Treneris aiškino naują gynybos taktiką po rungtynių amid concerns,sports,0,8346
97 You won't believe what happened next (Berlin),clickbait,0,25449
85 Vietos komanda laimėjo nacionalinį čempionatą pratęsimuose,sports,0,45026
74 Star player signs a multi-year contract with club po pranešimo,sports,0,12469
86 She did X — what happens next will shock you (Vilnius),clickbait,0,1120
60 Startuolis pritraukė 50 mln. USD DI platformos plėtrai,tech,0,36552
28 Startuolis pritraukė 50 mln. USD DI platformos plėtrai,tech,0,11193
94 Transfer rumors suggest a record deal for the young striker dėl rinkos reakcijos,sports,0,19632
73 Open-source libraries accelerate machine learning workflows,tech,0,48942
Perėjimų gandai: jaunas puolėjas gali kainuoti rekordą (Berlin),sports,0,970
"58 Negalėsite patikėti, kas įvyko toliau — Find out why",clickbait,1,45713
62 Start-up raises $50 million to scale its AI platform,tech,0,21131
31 Atviro kodo bibliotekos pagreitina mašininio mokymosi procesus,tech,0,37313
60 Earnings beat expectations as revenue grows in cloud segment (Vilnius),finance,0,12383
47 Apple unveils a new iPhone with advanced camera and AI features (Berlin),tech,0,3090
78 Messi įmušė įspūdingą įvartį Lygų taurėje,sports,0,31650
79 Open-source libraries accelerate machine learning workflows analitikų teigimu,tech,0,17655
21 She did X — what happens next will shock you,clickbait,1,4897
Kaip pagreitinti kompiuterį paprastais triukais — analysts say,tech,0,21
94 Analysts predict record profits for the banking sector analitikų teigimu,finance,0,35258
13 Stock market falls amid inflation concerns,finance,0,18815
70 Vietos komanda laimėjo nacionalinį čempionatą pratęsimuose,sports,0,3004
53 Atviro kodo bibliotekos pagreitina mašininio mokymosi procesus (Berlin),tech,0,16304
78 Žvaigždė pasirašė daugiametę sutartį su klubu po pranešimo,sports,0,26422
29 Star player signs a multi-year contract with club,sports,0,1481
47 Žvaigždė pasirašė daugiametę sutartį su klubu,sports,0,20736
Žvaigždė pasirašė daugiametę sutartį su klubu amid concerns,sports,0,3362
73 Start-up raises $50 million to scale its AI platform,tech,0,26186
"29 Central bank cuts rates, markets rally on dovish guidance",finance,0,47334
28 Perėjimų gandai: jaunas puolėjas gali kainuoti rekordą dėl rinkos reakcijos (Vilnius),sports,0,44637
"16 Negalėsite patikėti, kas įvyko toliau",clickbait,1,5454
Kaip pagreitinti kompiuterį paprastais triukais in a surprise move (New York),tech,0,34024
21 Transfer rumors suggest a record deal for the young striker in a surprise move,sports,0,22817
12 Vietos komanda laimėjo nacionalinį čempionatą pratęsimuose (Paris),sports,0,14297
3 Atviro kodo bibliotekos pagreitina mašininio mokymosi procesus analitikų teigimu (Paris),tech,0,10908
50 Analysts predict record profits for the banking sector (London),finance,0,2153
10 „Apple“ pristatė naują iPhone su pažangia kamera ir DI funkcijomis,tech,0,524
95 She did X — what happens next will shock you — Find out why,clickbait,1,34912
35 She did X — what happens next will shock you (Vilnius),clickbait,0,14481
37 Messi įmušė įspūdingą įvartį Lygų taurėje,sports,0,13821
25 Top 7 secrets companies don't want you to know,clickbait,0,8261
Major security breach affects millions of users worldwide po pranešimo (Madrid),tech,0,8402
62 Startuolis pritraukė 50 mln. USD DI platformos plėtrai (Madrid),tech,0,10802
84 Open-source libraries accelerate machine learning workflows in a surprise move (London),tech,0,3221
63 Kaip pagreitinti kompiuterį paprastais triukais,tech,0,6046
41 10 reasons you should never buy this gadget (Kaunas),clickbait,0,13267
Open-source libraries accelerate machine learning workflows dėl rinkos reakcijos (Madrid),tech,0,29238
100 She did X — what happens next will shock you (New York),clickbait,0,1796
35 Investors hedge inflation risk using index-linked bonds,finance,0,28256
"20 Ji padarė X — kas nutiks toliau, pribloškia — Number 5 is shocking",clickbait,1,6446
3 Analysts predict record profits for the banking sector,finance,0,38913
86 Analysts predict record profits for the banking sector,finance,0,2635
78 Kaip pagreitinti kompiuterį paprastais triukais,tech,0,10080
87 Stock market falls amid inflation concerns,finance,0,33231
89 Transfer rumors suggest a record deal for the young striker,sports,0,48854
75 Earnings beat expectations as revenue grows in cloud segment,finance,0,17966
84 Kaip pagreitinti kompiuterį paprastais triukais,tech,0,5734
This trick will change your life forever — Read more (Berlin),clickbait,1,5650
78 Apple unveils a new iPhone with advanced camera and AI features — analysts say,tech,0,25086
Major security breach affects millions of users worldwide dėl rinkos reakcijos (Madrid),tech,0,43625
You won't believe what happened next — Read more (Madrid),clickbait,1,6031
Didelė saugumo spraga paveikė milijonus vartotojų in a surprise move (Madrid),tech,0,12805
"91 Central bank cuts rates, markets rally on dovish guidance",finance,0,3962
Stock market falls amid inflation concerns as markets react (Madrid),finance,0,29925
71 Start-up raises $50 million to scale its AI platform analitikų teigimu,tech,0,33959
52 You won't believe what happened next,clickbait,1,15928
Stock market falls amid inflation concerns amid concerns (Berlin),finance,0,552
38 Earnings beat expectations as revenue grows in cloud segment,finance,0,26681
Start-up raises $50 million to scale its AI platform po pranešimo (Paris),tech,0,19308
16 Apple unveils a new iPhone with advanced camera and AI features (Kaunas),tech,0,2775
25 Stock market falls amid inflation concerns,finance,0,9834
86 Start-up raises $50 million to scale its AI platform — analysts say,tech,0,35446
3 Investors hedge inflation risk using index-linked bonds,finance,0,12994
98 Investors hedge inflation risk using index-linked bonds,finance,0,19717
35 Messi įmušė įspūdingą įvartį Lygų taurėje,sports,0,9831
57 Vietos komanda laimėjo nacionalinį čempionatą pratęsimuose,sports,0,14843
25 Messi scores a stunning goal in the Champions League match (London),sports,0,44188
54 Top 7 secrets companies don't want you to know,clickbait,1,507
28 Apple unveils a new iPhone with advanced camera and AI features in a surprise move,tech,0,6826
17 Top 7 secrets companies don't want you to know,clickbait,0,34302
"9 10 priežasčių, kodėl niekada nepirkti šio daikto — You won't believe it",clickbait,1,15311
16 Major security breach affects millions of users worldwide,tech,0,10199
49 Local team wins national championship in overtime,sports,0,10877
How to speed up your computer with simple tweaks po pranešimo (New York),tech,0,32885
"74 10 priežasčių, kodėl niekada nepirkti šio daikto — Find out why",clickbait,1,9304
72 How to speed up your computer with simple tweaks,tech,0,33030
Stock market falls amid inflation concerns,finance,0,112
53 Transfer rumors suggest a record deal for the young striker,sports,0,2080
20 This trick will change your life forever,clickbait,1,8779
Didelė saugumo spraga paveikė milijonus vartotojų dėl rinkos reakcijos,tech,0,210
13 How to speed up your computer with simple tweaks,tech,0,7004
Messi scores a stunning goal in the Champions League match (Berlin),sports,0,313
28 How to speed up your computer with simple tweaks,tech,0,22788
43 You won't believe what happened next (Madrid),clickbait,1,36029
Vietos komanda laimėjo nacionalinį čempionatą pratęsimuose po pranešimo (New York),sports,0,6510
86 This trick will change your life forever (Kaunas),clickbait,0,17568
13 You won't believe what happened next (Kaunas),clickbait,0,6255
66 Analysts predict record profits for the banking sector,finance,0,25586
10 Major security breach affects millions of users worldwide (New York),tech,0,42620
72 Investors hedge inflation risk using index-linked bonds (Madrid),finance,0,1588
25 This trick will change your life forever,clickbait,0,42253
27 Vietos komanda laimėjo nacionalinį čempionatą pratęsimuose,sports,0,5656
12 Startuolis pritraukė 50 mln. USD DI platformos plėtrai,tech,0,11321
How to speed up your computer with simple tweaks (London),tech,0,2189
93 Major security breach affects millions of users worldwide,tech,0,40805
62 Top 7 secrets companies don't want you to know,clickbait,1,2350
Atviro kodo bibliotekos pagreitina mašininio mokymosi procesus po pranešimo,tech,0,1550
12 Open-source libraries accelerate machine learning workflows,tech,0,16082
75 Analysts predict record profits for the banking sector,finance,0,11748
46 Kaip pagreitinti kompiuterį paprastais triukais,tech,0,16763
33 Didelė saugumo spraga paveikė milijonus vartotojų,tech,0,3848
42 Coach explains new defensive tactics after the game,sports,0,7816
44 Messi įmušė įspūdingą įvartį Lygų taurėje,sports,0,29727
44 Vietos komanda laimėjo nacionalinį čempionatą pratęsimuose analitikų teigimu,sports,0,11781
She did X — what happens next will shock you (Madrid),clickbait,0,360
35 Kaip pagreitinti kompiuterį paprastais triukais,tech,0,46584
62 Didelė saugumo spraga paveikė milijonus vartotojų,tech,0,3656
29 Transfer rumors suggest a record deal for the young striker,sports,0,29171
"90 Central bank cuts rates, markets rally on dovish guidance (New York)",finance,0,40553
98 Treneris aiškino naują gynybos taktiką po rungtynių,sports,0,11889
57 Atviro kodo bibliotekos pagreitina mašininio mokymosi procesus,tech,0,1565
97 Start-up raises $50 million to scale its AI platform,tech,0,28988
69 „Apple“ pristatė naują iPhone su pažangia kamera ir DI funkcijomis as markets react (Berlin),tech,0,26025
92 Startuolis pritraukė 50 mln. USD DI platformos plėtrai,tech,0,25567
"Negalėsite patikėti, kas įvyko toliau — Read more (London)",clickbait,1,21265
68 Stock market falls amid inflation concerns (New York),finance,0,48895
53 Local team wins national championship in overtime,sports,0,649
Investors hedge inflation risk using index-linked bonds in a surprise move (Kaunas),finance,0,45167
36 Startuolis pritraukė 50 mln. USD DI platformos plėtrai,tech,0,13246
61 Atviro kodo bibliotekos pagreitina mašininio mokymosi procesus,tech,0,29197
41 Major security breach affects millions of users worldwide,tech,0,24168
Earnings beat expectations as revenue grows in cloud segment dėl rinkos reakcijos (Kaunas),finance,0,33563
Messi scores a stunning goal in the Champions League match — analysts say (Vilnius),sports,0,486
83 Perėjimų gandai: jaunas puolėjas gali kainuoti rekordą (London),sports,0,31107
55 This trick will change your life forever — Find out why,clickbait,1,32378
27 10 reasons you should never buy this gadget (New York),clickbait,0,13395
Apple unveils a new iPhone with advanced camera and AI features in a surprise move (Paris),tech,0,11515
6 Messi scores a stunning goal in the Champions League match,sports,0,18841
"Negalėsite patikėti, kas įvyko toliau (Kaunas)",clickbait,1,10964
76 Stock market falls amid inflation concerns dėl rinkos reakcijos,finance,0,30727
26 Žvaigždė pasirašė daugiametę sutartį su klubu,sports,0,45787
How to speed up your computer with simple tweaks (Kaunas),tech,0,3440
50 Žvaigždė pasirašė daugiametę sutartį su klubu dėl rinkos reakcijos,sports,0,24535
Investors hedge inflation risk using index-linked bonds after report (Berlin),finance,0,44059
10 Investors hedge inflation risk using index-linked bonds,finance,0,6577
87 „Apple“ pristatė naują iPhone su pažangia kamera ir DI funkcijomis amid concerns,tech,0,21095
84 Transfer rumors suggest a record deal for the young striker,sports,0,18923
Local team wins national championship in overtime as markets react,sports,0,9341
91 Treneris aiškino naują gynybos taktiką po rungtynių,sports,0,33849
2 Open-source libraries accelerate machine learning workflows — analysts say (London),tech,0,45330
99 Atviro kodo bibliotekos pagreitina mašininio mokymosi procesus,tech,0,31213
This trick will change your life forever (London),clickbait,0,215
26 How to speed up your computer with simple tweaks,tech,0,5477
54 Start-up raises $50 million to scale its AI platform,tech,0,37082
48 „Apple“ pristatė naują iPhone su pažangia kamera ir DI funkcijomis as markets react,tech,0,48957
Šis triukas pakeis jūsų gyvenimą amžiams — Number 5 is shocking,clickbait,1,485
"66 Negalėsite patikėti, kas įvyko toliau",clickbait,1,34492
54 Messi įmušė įspūdingą įvartį Lygų taurėje,sports,0,48612
89 Atviro kodo bibliotekos pagreitina mašininio mokymosi procesus (Paris),tech,0,9911
59 Apple unveils a new iPhone with advanced camera and AI features dėl rinkos reakcijos,tech,0,49561
32 Treneris aiškino naują gynybos taktiką po rungtynių,sports,0,19370
Startuolis pritraukė 50 mln. USD DI platformos plėtrai amid concerns (Berlin),tech,0,38679
98 How to speed up your computer with simple tweaks (London),tech,0,13173
"49 Central bank cuts rates, markets rally on dovish guidance",finance,0,7840
2 Didelė saugumo spraga paveikė milijonus vartotojų,tech,0,26298
95 Earnings beat expectations as revenue grows in cloud segment,finance,0,32341
36 Local team wins national championship in overtime analitikų teigimu (Vilnius),sports,0,29767
18 Treneris aiškino naują gynybos taktiką po rungtynių,sports,0,9453
84 Atviro kodo bibliotekos pagreitina mašininio mokymosi procesus (Vilnius),tech,0,31315
You won't believe what happened next — Find out why (Berlin),clickbait,1,25565
60 Messi įmušė įspūdingą įvartį Lygų taurėje po pranešimo (Berlin),sports,0,9963
21 Star player signs a multi-year contract with club,sports,0,11695
Perėjimų gandai: jaunas puolėjas gali kainuoti rekordą as markets react,sports,0,5189
53 Atviro kodo bibliotekos pagreitina mašininio mokymosi procesus (London),tech,0,12096
82 Messi scores a stunning goal in the Champions League match,sports,0,35389
42 Treneris aiškino naują gynybos taktiką po rungtynių,sports,0,38825
69 Perėjimų gandai: jaunas puolėjas gali kainuoti rekordą (Berlin),sports,0,34156
63 Žvaigždė pasirašė daugiametę sutartį su klubu analitikų teigimu,sports,0,12051
57 Messi scores a stunning goal in the Champions League match amid concerns,sports,0,13221
Investors hedge inflation risk using index-linked bonds dėl rinkos reakcijos,finance,0,409
57 Transfer rumors suggest a record deal for the young striker,sports,0,42529
15 This trick will change your life forever,clickbait,0,8484
52 Messi įmušė įspūdingą įvartį Lygų taurėje po pranešimo,sports,0,16645
50 Messi scores a stunning goal in the Champions League match,sports,0,43329
Kaip pagreitinti kompiuterį paprastais triukais as markets react,tech,0,1401
Analysts predict record profits for the banking sector as markets react,finance,0,208
13 Open-source libraries accelerate machine learning workflows analitikų teigimu,tech,0,16975
91 Atviro kodo bibliotekos pagreitina mašininio mokymosi procesus analitikų teigimu (Paris),tech,0,6356
16 Perėjimų gandai: jaunas puolėjas gali kainuoti rekordą — analysts say,sports,0,40406
88 Žvaigždė pasirašė daugiametę sutartį su klubu,sports,0,16498
100 „Apple“ pristatė naują iPhone su pažangia kamera ir DI funkcijomis (Madrid),tech,0,39810
Start-up raises $50 million to scale its AI platform dėl rinkos reakcijos,tech,0,153
Didelė saugumo spraga paveikė milijonus vartotojų dėl rinkos reakcijos (Madrid),tech,0,3469
86 Vietos komanda laimėjo nacionalinį čempionatą pratęsimuose,sports,0,10254
Didelė saugumo spraga paveikė milijonus vartotojų — analysts say (Kaunas),tech,0,6116
94 Major security breach affects millions of users worldwide amid concerns,tech,0,12791
34 Vietos komanda laimėjo nacionalinį čempionatą pratęsimuose,sports,0,15922
30 How to speed up your computer with simple tweaks — analysts say,tech,0,49138
95 Open-source libraries accelerate machine learning workflows,tech,0,26124
18 Messi scores a stunning goal in the Champions League match,sports,0,41301
50 Analysts predict record profits for the banking sector (Kaunas),finance,0,43480
She did X — what happens next will shock you — Read more,clickbait,1,370
"10 priežasčių, kodėl niekada nepirkti šio daikto — Find out why (Paris)",clickbait,1,6461
Žvaigždė pasirašė daugiametę sutartį su klubu as markets react (Madrid),sports,0,17599
54 Šis triukas pakeis jūsų gyvenimą amžiams,clickbait,1,5536
42 Apple unveils a new iPhone with advanced camera and AI features,tech,0,10868
23 Open-source libraries accelerate machine learning workflows,tech,0,45301
5 10 reasons you should never buy this gadget,clickbait,0,17531
31 Messi įmušė įspūdingą įvartį Lygų taurėje,sports,0,20992
Transfer rumors suggest a record deal for the young striker dėl rinkos reakcijos (Paris),sports,0,5249
16 Start-up raises $50 million to scale its AI platform,tech,0,8223
Perėjimų gandai: jaunas puolėjas gali kainuoti rekordą analitikų teigimu,sports,0,5080
35 How to speed up your computer with simple tweaks,tech,0,28353
37 Atviro kodo bibliotekos pagreitina mašininio mokymosi procesus,tech,0,22096
57 Start-up raises $50 million to scale its AI platform dėl rinkos reakcijos,tech,0,47223
"Ji padarė X — kas nutiks toliau, pribloškia — Find out why (New York)",clickbait,1,37579
25 Earnings beat expectations as revenue grows in cloud segment,finance,0,8266
Local team wins national championship in overtime,sports,0,35
Kaip pagreitinti kompiuterį paprastais triukais analitikų teigimu (Madrid),tech,0,10316
Messi scores a stunning goal in the Champions League match dėl rinkos reakcijos,sports,0,3391
„Apple“ pristatė naują iPhone su pažangia kamera ir DI funkcijomis after report (New York),tech,0,14159
24 She did X — what happens next will shock you,clickbait,1,14614
56 Atviro kodo bibliotekos pagreitina mašininio mokymosi procesus,tech,0,14609
46 She did X — what happens next will shock you,clickbait,0,8811
Major security breach affects millions of users worldwide after report (Madrid),tech,0,974
5 Star player signs a multi-year contract with club (Kaunas),sports,0,30397
77 Stock market falls amid inflation concerns dėl rinkos reakcijos,finance,0,8221
30 Kaip pagreitinti kompiuterį paprastais triukais,tech,0,32288
27 Earnings beat expectations as revenue grows in cloud segment (Vilnius),finance,0,1843
This trick will change your life forever — Find out why (Paris),clickbait,1,35694
45 Perėjimų gandai: jaunas puolėjas gali kainuoti rekordą,sports,0,5242
99 Vietos komanda laimėjo nacionalinį čempionatą pratęsimuose,sports,0,5476
97 10 reasons you should never buy this gadget,clickbait,0,30961
You won't believe what happened next (Kaunas),clickbait,0,1227
Star player signs a multi-year contract with club (New York),sports,0,1720
5 Transfer rumors suggest a record deal for the young striker (London),sports,0,29473
You won't believe what happened next — Find out why,clickbait,1,472
Šis triukas pakeis jūsų gyvenimą amžiams (New York),clickbait,1,528
Žvaigždė pasirašė daugiametę sutartį su klubu (Madrid),sports,0,1355
74 Stock market falls amid inflation concerns,finance,0,4872
30 Messi scores a stunning goal in the Champions League match,sports,0,19073
11 Perėjimų gandai: jaunas puolėjas gali kainuoti rekordą as markets react,sports,0,26895
78 Open-source libraries accelerate machine learning workflows analitikų teigimu (Madrid),tech,0,21795
Kaip pagreitinti kompiuterį paprastais triukais dėl rinkos reakcijos (Kaunas),tech,0,38526
Treneris aiškino naują gynybos taktiką po rungtynių (Madrid),sports,0,961
Analysts predict record profits for the banking sector analitikų teigimu (London),finance,0,27966
73 Startuolis pritraukė 50 mln. USD DI platformos plėtrai,tech,0,10969
11 Major security breach affects millions of users worldwide analitikų teigimu,tech,0,18305
Stock market falls amid inflation concerns analitikų teigimu,finance,0,418
Star player signs a multi-year contract with club analitikų teigimu (Madrid),sports,0,31761
30 Žvaigždė pasirašė daugiametę sutartį su klubu,sports,0,9992
Kaip pagreitinti kompiuterį paprastais triukais in a surprise move (Vilnius),tech,0,8357
5 Major security breach affects millions of users worldwide after report,tech,0,28523
57 She did X — what happens next will shock you — Find out why,clickbait,1,3743
24 You won't believe what happened next,clickbait,0,36478
80 „Apple“ pristatė naują iPhone su pažangia kamera ir DI funkcijomis,tech,0,24698
"45 Negalėsite patikėti, kas įvyko toliau (Paris)",clickbait,1,47997
Atviro kodo bibliotekos pagreitina mašininio mokymosi procesus analitikų teigimu (Madrid),tech,0,24954
47 Coach explains new defensive tactics after the game,sports,0,16334
91 Investors hedge inflation risk using index-linked bonds (Madrid),finance,0,548
35 Vietos komanda laimėjo nacionalinį čempionatą pratęsimuose,sports,0,25619
Startuolis pritraukė 50 mln. USD DI platformos plėtrai,tech,0,168
85 Star player signs a multi-year contract with club analitikų teigimu,sports,0,11973
24 Atviro kodo bibliotekos pagreitina mašininio mokymosi procesus,tech,0,14674
56 Open-source libraries accelerate machine learning workflows (New York),tech,0,30805
93 Investors hedge inflation risk using index-linked bonds,finance,0,2687
92 Messi įmušė įspūdingą įvartį Lygų taurėje (Madrid),sports,0,35358
75 Investors hedge inflation risk using index-linked bonds in a surprise move,finance,0,47511
22 Transfer rumors suggest a record deal for the young striker,sports,0,15860
32 Žvaigždė pasirašė daugiametę sutartį su klubu,sports,0,6601
64 Stock market falls amid inflation concerns,finance,0,2056
2 Major security breach affects millions of users worldwide,tech,0,39270
95 Perėjimų gandai: jaunas puolėjas gali kainuoti rekordą in a surprise move,sports,0,39584
"81 Top 7 paslaptys, kurias įmonės nenori, kad žinotumėte — You won't believe it",clickbait,1,39581
100 Major security breach affects millions of users worldwide,tech,0,29205
81 Žvaigždė pasirašė daugiametę sutartį su klubu,sports,0,2689
92 Open-source libraries accelerate machine learning workflows,tech,0,3647
53 Coach explains new defensive tactics after the game dėl rinkos reakcijos,sports,0,20740
You won't believe what happened next — Read more (New York),clickbait,1,18919
"41 Top 7 paslaptys, kurias įmonės nenori, kad žinotumėte — You won't believe it",clickbait,1,49648
"Ji padarė X — kas nutiks toliau, pribloškia — Find out why (Vilnius)",clickbait,1,15373
94 This trick will change your life forever — Number 5 is shocking,clickbait,1,42238
21 Didelė saugumo spraga paveikė milijonus vartotojų,tech,0,33079
16 10 reasons you should never buy this gadget,clickbait,1,9039
42 This trick will change your life forever,clickbait,1,5725
"95 Ji padarė X — kas nutiks toliau, pribloškia",clickbait,1,464
24 10 reasons you should never buy this gadget,clickbait,1,6468
43 Treneris aiškino naują gynybos taktiką po rungtynių,sports,0,1437
2 Top 7 secrets companies don't want you to know,clickbait,0,42063
Žvaigždė pasirašė daugiametę sutartį su klubu (New York),sports,0,914
34 This trick will change your life forever,clickbait,0,19556
"36 Ji padarė X — kas nutiks toliau, pribloškia",clickbait,1,39108
47 Kaip pagreitinti kompiuterį paprastais triukais as markets react,tech,0,48563
21 Analysts predict record profits for the banking sector (Berlin),finance,0,1881
"83 10 priežasčių, kodėl niekada nepirkti šio daikto",clickbait,1,8752
14 Startuolis pritraukė 50 mln. USD DI platformos plėtrai,tech,0,479
Transfer rumors suggest a record deal for the young striker po pranešimo (Kaunas),sports,0,35184
76 10 reasons you should never buy this gadget (London),clickbait,1,13758
"10 priežasčių, kodėl niekada nepirkti šio daikto — Number 5 is shocking (Kaunas)",clickbait,1,16245
„Apple“ pristatė naują iPhone su pažangia kamera ir DI funkcijomis (New York),tech,0,880
22 She did X — what happens next will shock you,clickbait,0,1171
84 Open-source libraries accelerate machine learning workflows,tech,0,33321
79 She did X — what happens next will shock you,clickbait,0,4065
12 Didelė saugumo spraga paveikė milijonus vartotojų,tech,0,45766
Stock market falls amid inflation concerns po pranešimo (Kaunas),finance,0,837
Atviro kodo bibliotekos pagreitina mašininio mokymosi procesus dėl rinkos reakcijos (Berlin),tech,0,4028
Perėjimų gandai: jaunas puolėjas gali kainuoti rekordą po pranešimo (Berlin),sports,0,8963
34 This trick will change your life forever — You won't believe it (Kaunas),clickbait,1,35402
27 You won't believe what happened next — You won't believe it,clickbait,1,21578
61 Atviro kodo bibliotekos pagreitina mašininio mokymosi procesus — analysts say,tech,0,16049
"7 Negalėsite patikėti, kas įvyko toliau",clickbait,1,29744
47 Apple unveils a new iPhone with advanced camera and AI features,tech,0,9762
66 Stock market falls amid inflation concerns,finance,0,30487
Vietos komanda laimėjo nacionalinį čempionatą pratęsimuose analitikų teigimu,sports,0,245
49 Major security breach affects millions of users worldwide,tech,0,43102
Žvaigždė pasirašė daugiametę sutartį su klubu as markets react,sports,0,1177
25 „Apple“ pristatė naują iPhone su pažangia kamera ir DI funkcijomis (Madrid),tech,0,48320
91 Stock market falls amid inflation concerns,finance,0,40749
Analysts predict record profits for the banking sector (Paris),finance,0,567
44 Analysts predict record profits for the banking sector,finance,0,5011
33 Major security breach affects millions of users worldwide,tech,0,2366
27 Coach explains new defensive tactics after the game,sports,0,5379
7 Transfer rumors suggest a record deal for the young striker,sports,0,15511
Žvaigždė pasirašė daugiametę sutartį su klubu — analysts say (Madrid),sports,0,46370
45 Transfer rumors suggest a record deal for the young striker (London),sports,0,16242
38 Apple unveils a new iPhone with advanced camera and AI features,tech,0,3351
13 Coach explains new defensive tactics after the game (New York),sports,0,45907
Treneris aiškino naują gynybos taktiką po rungtynių (Vilnius),sports,0,1582
68 Vietos komanda laimėjo nacionalinį čempionatą pratęsimuose as markets react,sports,0,41076
"41 Negalėsite patikėti, kas įvyko toliau — Number 5 is shocking",clickbait,1,13427
Startuolis pritraukė 50 mln. USD DI platformos plėtrai analitikų teigimu (New York),tech,0,1979
"93 Top 7 paslaptys, kurias įmonės nenori, kad žinotumėte — Find out why",clickbait,1,28566
82 You won't believe what happened next,clickbait,0,10224
77 Top 7 secrets companies don't want you to know,clickbait,1,31538
45 Startuolis pritraukė 50 mln. USD DI platformos plėtrai po pranešimo,tech,0,22922
Earnings beat expectations as revenue grows in cloud segment (Kaunas),finance,0,516
87 Treneris aiškino naują gynybos taktiką po rungtynių amid concerns,sports,0,18224
100 Start-up raises $50 million to scale its AI platform (Paris),tech,0,38957
90 Earnings beat expectations as revenue grows in cloud segment as markets react,finance,0,1328
19 Top 7 secrets companies don't want you to know,clickbait,1,22936
49 Transfer rumors suggest a record deal for the young striker — analysts say (Kaunas),sports,0,38194
64 Treneris aiškino naują gynybos taktiką po rungtynių,sports,0,36145
42 Kaip pagreitinti kompiuterį paprastais triukais amid concerns,tech,0,46332
"37 Central bank cuts rates, markets rally on dovish guidance",finance,0,41173
22 You won't believe what happened next,clickbait,1,43427
"8 Ji padarė X — kas nutiks toliau, pribloškia — You won't believe it (Madrid)",clickbait,1,41868
Messi scores a stunning goal in the Champions League match in a surprise move,sports,0,2510
Transfer rumors suggest a record deal for the young striker — analysts say (Vilnius),sports,0,2853
90 Kaip pagreitinti kompiuterį paprastais triukais po pranešimo,tech,0,47447
56 Local team wins national championship in overtime,sports,0,41178
"18 Ji padarė X — kas nutiks toliau, pribloškia — Find out why",clickbait,1,19218
"56 Negalėsite patikėti, kas įvyko toliau — Read more (Kaunas)",clickbait,1,34720
Treneris aiškino naują gynybos taktiką po rungtynių in a surprise move,sports,0,989
"79 Top 7 paslaptys, kurias įmonės nenori, kad žinotumėte",clickbait,1,16123
30 Treneris aiškino naują gynybos taktiką po rungtynių,sports,0,252
62 Earnings beat expectations as revenue grows in cloud segment,finance,0,4526
76 This trick will change your life forever,clickbait,0,39033
78 Coach explains new defensive tactics after the game,sports,0,31092
16 Earnings beat expectations as revenue grows in cloud segment in a surprise move,finance,0,49993
42 Local team wins national championship in overtime,sports,0,43867
67 Messi įmušė įspūdingą įvartį Lygų taurėje (Paris),sports,0,25162
35 Žvaigždė pasirašė daugiametę sutartį su klubu amid concerns,sports,0,17047
61 She did X — what happens next will shock you — You won't believe it,clickbait,1,27442
24 „Apple“ pristatė naują iPhone su pažangia kamera ir DI funkcijomis (New York),tech,0,42941
48 Coach explains new defensive tactics after the game,sports,0,10193
57 10 reasons you should never buy this gadget,clickbait,1,31655
59 Stock market falls amid inflation concerns,finance,0,16080
Kaip pagreitinti kompiuterį paprastais triukais amid concerns (Vilnius),tech,0,34803
28 Earnings beat expectations as revenue grows in cloud segment,finance,0,25585
Didelė saugumo spraga paveikė milijonus vartotojų in a surprise move (Kaunas),tech,0,38136
19 Investors hedge inflation risk using index-linked bonds (London),finance,0,23043
28 You won't believe what happened next (Paris),clickbait,0,34568
Startuolis pritraukė 50 mln. USD DI platformos plėtrai po pranešimo (Kaunas),tech,0,46480
6 Vietos komanda laimėjo nacionalinį čempionatą pratęsimuose amid concerns,sports,0,6386
"44 10 priežasčių, kodėl niekada nepirkti šio daikto",clickbait,1,21147
82 „Apple“ pristatė naują iPhone su pažangia kamera ir DI funkcijomis in a surprise move (Vilnius),tech,0,27019
51 Treneris aiškino naują gynybos taktiką po rungtynių,sports,0,29990
"Top 7 paslaptys, kurias įmonės nenori, kad žinotumėte (Vilnius)",clickbait,1,8777
Transfer rumors suggest a record deal for the young striker — analysts say,sports,0,3343
How to speed up your computer with simple tweaks after report (Madrid),tech,0,41095
Start-up raises $50 million to scale its AI platform as markets react (Vilnius),tech,0,11982
„Apple“ pristatė naują iPhone su pažangia kamera ir DI funkcijomis in a surprise move (London),tech,0,7682
32 Perėjimų gandai: jaunas puolėjas gali kainuoti rekordą,sports,0,3929
2 Star player signs a multi-year contract with club,sports,0,9395
"Top 7 paslaptys, kurias įmonės nenori, kad žinotumėte — Number 5 is shocking (Paris)",clickbait,1,15703
32 Open-source libraries accelerate machine learning workflows,tech,0,124
"69 Central bank cuts rates, markets rally on dovish guidance",finance,0,9755
Open-source libraries accelerate machine learning workflows as markets react (New York),tech,0,7078
Vietos komanda laimėjo nacionalinį čempionatą pratęsimuose in a surprise move (London),sports,0,6496
74 Žvaigždė pasirašė daugiametę sutartį su klubu — analysts say,sports,0,37109
20 Didelė saugumo spraga paveikė milijonus vartotojų,tech,0,11009
Investors hedge inflation risk using index-linked bonds dėl rinkos reakcijos (New York),finance,0,43582
48 Local team wins national championship in overtime,sports,0,31951
82 She did X — what happens next will shock you (Kaunas),clickbait,1,17750
40 Open-source libraries accelerate machine learning workflows (Berlin),tech,0,34602
30 Stock market falls amid inflation concerns,finance,0,18191
"10 priežasčių, kodėl niekada nepirkti šio daikto — Read more",clickbait,1,1717
25 Start-up raises $50 million to scale its AI platform,tech,0,32257
81 Open-source libraries accelerate machine learning workflows,tech,0,43580
45 Atviro kodo bibliotekos pagreitina mašininio mokymosi procesus,tech,0,5918
45 Kaip pagreitinti kompiuterį paprastais triukais (London),tech,0,34030
57 Treneris aiškino naują gynybos taktiką po rungtynių,sports,0,33493
50 Didelė saugumo spraga paveikė milijonus vartotojų,tech,0,7664
12 Major security breach affects millions of users worldwide,tech,0,13807
8 Treneris aiškino naują gynybos taktiką po rungtynių (Madrid),sports,0,32783
"10 priežasčių, kodėl niekada nepirkti šio daikto (Kaunas)",clickbait,1,2302
"24 Central bank cuts rates, markets rally on dovish guidance in a surprise move",finance,0,29015
Stock market falls amid inflation concerns after report (Berlin),finance,0,24562
27 Didelė saugumo spraga paveikė milijonus vartotojų as markets react,tech,0,35916
17 Open-source libraries accelerate machine learning workflows,tech,0,34855
64 Earnings beat expectations as revenue grows in cloud segment,finance,0,44764
77 Open-source libraries accelerate machine learning workflows,tech,0,27403
49 Transfer rumors suggest a record deal for the young striker,sports,0,3909
99 She did X — what happens next will shock you,clickbait,0,19472
Didelė saugumo spraga paveikė milijonus vartotojų in a surprise move,tech,0,5167
49 Didelė saugumo spraga paveikė milijonus vartotojų po pranešimo,tech,0,41530
Coach explains new defensive tactics after the game (Kaunas),sports,0,1134
57 Coach explains new defensive tactics after the game,sports,0,20048
"40 Central bank cuts rates, markets rally on dovish guidance (Madrid)",finance,0,38650
Perėjimų gandai: jaunas puolėjas gali kainuoti rekordą amid concerns (Vilnius),sports,0,32701
34 Perėjimų gandai: jaunas puolėjas gali kainuoti rekordą,sports,0,25890
23 Apple unveils a new iPhone with advanced camera and AI features after report,tech,0,32093
100 Kaip pagreitinti kompiuterį paprastais triukais (New York),tech,0,37789
16 Earnings beat expectations as revenue grows in cloud segment,finance,0,39976
75 10 reasons you should never buy this gadget,clickbait,0,41686
74 Earnings beat expectations as revenue grows in cloud segment,finance,0,1050
100 Local team wins national championship in overtime,sports,0,48067
75 „Apple“ pristatė naują iPhone su pažangia kamera ir DI funkcijomis (London),tech,0,24362
79 Apple unveils a new iPhone with advanced camera and AI features,tech,0,35847
11 Local team wins national championship in overtime,sports,0,48507
56 She did X — what happens next will shock you (Berlin),clickbait,0,47710
Transfer rumors suggest a record deal for the young striker dėl rinkos reakcijos (New York),sports,0,28891
"15 Top 7 paslaptys, kurias įmonės nenori, kad žinotumėte",clickbait,1,16678
31 Start-up raises $50 million to scale its AI platform dėl rinkos reakcijos,tech,0,25918
45 You won't believe what happened next,clickbait,0,6796
Star player signs a multi-year contract with club analitikų teigimu,sports,0,1524
83 This trick will change your life forever (Paris),clickbait,0,14442
"Top 7 paslaptys, kurias įmonės nenori, kad žinotumėte (London)",clickbait,1,1556
74 Treneris aiškino naują gynybos taktiką po rungtynių dėl rinkos reakcijos,sports,0,8195
15 Kaip pagreitinti kompiuterį paprastais triukais,tech,0,22175
Vietos komanda laimėjo nacionalinį čempionatą pratęsimuose,sports,0,14
91 How to speed up your computer with simple tweaks,tech,0,44789
97 Žvaigždė pasirašė daugiametę sutartį su klubu,sports,0,4403
40 She did X — what happens next will shock you,clickbait,0,12910
2 This trick will change your life forever — You won't believe it,clickbait,1,25480
Earnings beat expectations as revenue grows in cloud segment in a surprise move,finance,0,1146
43 Major security breach affects millions of users worldwide po pranešimo,tech,0,44737
37 Start-up raises $50 million to scale its AI platform po pranešimo,tech,0,31937
Top 7 secrets companies don't want you to know — You won't believe it (Kaunas),clickbait,1,15163
9 Perėjimų gandai: jaunas puolėjas gali kainuoti rekordą,sports,0,42784
44 Major security breach affects millions of users worldwide,tech,0,24804
She did X — what happens next will shock you — Find out why (Berlin),clickbait,1,9721
21 Perėjimų gandai: jaunas puolėjas gali kainuoti rekordą amid concerns (Vilnius),sports,0,28202
90 Star player signs a multi-year contract with club,sports,0,28727
"7 Top 7 paslaptys, kurias įmonės nenori, kad žinotumėte — Read more",clickbait,1,48468
64 Treneris aiškino naują gynybos taktiką po rungtynių (London),sports,0,21057
21 You won't believe what happened next,clickbait,1,1703
46 10 reasons you should never buy this gadget,clickbait,0,3851
24 Stock market falls amid inflation concerns,finance,0,11573
50 Coach explains new defensive tactics after the game as markets react,sports,0,19974
Top 7 secrets companies don't want you to know — Read more (London),clickbait,1,10672
13 Earnings beat expectations as revenue grows in cloud segment,finance,0,16479
Coach explains new defensive tactics after the game analitikų teigimu (Madrid),sports,0,48269
10 reasons you should never buy this gadget (Vilnius),clickbait,1,1758
Perėjimų gandai: jaunas puolėjas gali kainuoti rekordą analitikų teigimu (Berlin),sports,0,30263
59 Star player signs a multi-year contract with club,sports,0,24516
56 Messi įmušė įspūdingą įvartį Lygų taurėje,sports,0,49785
"32 Top 7 paslaptys, kurias įmonės nenori, kad žinotumėte",clickbait,1,5622
Analysts predict record profits for the banking sector as markets react (Kaunas),finance,0,10861
"54 Ji padarė X — kas nutiks toliau, pribloškia",clickbait,1,27481
43 Perėjimų gandai: jaunas puolėjas gali kainuoti rekordą,sports,0,20161
49 10 reasons you should never buy this gadget,clickbait,0,1442
72 Treneris aiškino naują gynybos taktiką po rungtynių po pranešimo (Kaunas),sports,0,48387
"60 Negalėsite patikėti, kas įvyko toliau (Berlin)",clickbait,1,42585
"Negalėsite patikėti, kas įvyko toliau — Number 5 is shocking (Paris)",clickbait,1,20852
77 Startuolis pritraukė 50 mln. USD DI platformos plėtrai po pranešimo,tech,0,28784
76 Open-source libraries accelerate machine learning workflows,tech,0,22990
82 Transfer rumors suggest a record deal for the young striker (Kaunas),sports,0,44844
31 Didelė saugumo spraga paveikė milijonus vartotojų,tech,0,49858
6 This trick will change your life forever — Number 5 is shocking,clickbait,1,21667
5 Top 7 secrets companies don't want you to know,clickbait,1,5512
"Ji padarė X — kas nutiks toliau, pribloškia (Madrid)",clickbait,1,20978
79 Messi įmušė įspūdingą įvartį Lygų taurėje,sports,0,41698
Stock market falls amid inflation concerns (Paris),finance,0,383
7 Vietos komanda laimėjo nacionalinį čempionatą pratęsimuose (Kaunas),sports,0,38785
30 Major security breach affects millions of users worldwide,tech,0,46879
59 Kaip pagreitinti kompiuterį paprastais triukais (Kaunas),tech,0,38066
"56 Top 7 paslaptys, kurias įmonės nenori, kad žinotumėte",clickbait,1,2477
5 Investors hedge inflation risk using index-linked bonds as markets react,finance,0,22334
13 Open-source libraries accelerate machine learning workflows,tech,0,5348
7 Kaip pagreitinti kompiuterį paprastais triukais,tech,0,31203
60 Coach explains new defensive tactics after the game po pranešimo,sports,0,18799
69 Šis triukas pakeis jūsų gyvenimą amžiams,clickbait,1,38961
71 10 reasons you should never buy this gadget,clickbait,1,9984
"Ji padarė X — kas nutiks toliau, pribloškia — Read more (Berlin)",clickbait,1,1041
10 Earnings beat expectations as revenue grows in cloud segment (Vilnius),finance,0,7406
46 Coach explains new defensive tactics after the game as markets react,sports,0,27885
30 Messi scores a stunning goal in the Champions League match (Madrid),sports,0,13996
25 Kaip pagreitinti kompiuterį paprastais triukais,tech,0,2336
2 Analysts predict record profits for the banking sector (Paris),finance,0,34256
33 Start-up raises $50 million to scale its AI platform,tech,0,30039
87 Open-source libraries accelerate machine learning workflows (London),tech,0,21533
12 Top 7 secrets companies don't want you to know,clickbait,1,24989
She did X — what happens next will shock you — Find out why (Vilnius),clickbait,1,14716
69 Treneris aiškino naują gynybos taktiką po rungtynių (Paris),sports,0,19371
40 Atviro kodo bibliotekos pagreitina mašininio mokymosi procesus analitikų teigimu,tech,0,3161
28 Messi scores a stunning goal in the Champions League match,sports,0,1802
47 Top 7 secrets companies don't want you to know (New York),clickbait,0,35379
She did X — what happens next will shock you — Number 5 is shocking,clickbait,1,38
Analysts predict record profits for the banking sector dėl rinkos reakcijos (Kaunas),finance,0,21981
Žvaigždė pasirašė daugiametę sutartį su klubu — analysts say (New York),sports,0,5984
Didelė saugumo spraga paveikė milijonus vartotojų amid concerns,tech,0,3076
22 Stock market falls amid inflation concerns po pranešimo (Kaunas),finance,0,12587
Treneris aiškino naują gynybos taktiką po rungtynių analitikų teigimu (Berlin),sports,0,16664
46 Top 7 secrets companies don't want you to know (London),clickbait,0,12602
14 Stock market falls amid inflation concerns (London),finance,0,19561
48 Treneris aiškino naują gynybos taktiką po rungtynių,sports,0,3310
99 This trick will change your life forever,clickbait,0,9914
40 Messi scores a stunning goal in the Champions League match (Kaunas),sports,0,24670
Šis triukas pakeis jūsų gyvenimą amžiams — Find out why,clickbait,1,590
81 Atviro kodo bibliotekos pagreitina mašininio mokymosi procesus,tech,0,3841
31 Analysts predict record profits for the banking sector in a surprise move,finance,0,41708
10 reasons you should never buy this gadget — Number 5 is shocking (New York),clickbait,1,1351
95 Major security breach affects millions of users worldwide amid concerns,tech,0,432
40 Perėjimų gandai: jaunas puolėjas gali kainuoti rekordą,sports,0,1903
51 She did X — what happens next will shock you,clickbait,0,14073
61 10 reasons you should never buy this gadget (Vilnius),clickbait,0,19455
35 Top 7 secrets companies don't want you to know,clickbait,1,17951
"12 Central bank cuts rates, markets rally on dovish guidance (Berlin)",finance,0,41511
Kaip pagreitinti kompiuterį paprastais triukais amid concerns (New York),tech,0,40543
71 Vietos komanda laimėjo nacionalinį čempionatą pratęsimuose,sports,0,19663
7 Investors hedge inflation risk using index-linked bonds,finance,0,27667
36 You won't believe what happened next,clickbait,0,6019
"87 Central bank cuts rates, markets rally on dovish guidance",finance,0,11987
Major security breach affects millions of users worldwide in a surprise move (New York),tech,0,25865
5 Investors hedge inflation risk using index-linked bonds in a surprise move,finance,0,26880
78 Investors hedge inflation risk using index-linked bonds dėl rinkos reakcijos,finance,0,49905
"10 priežasčių, kodėl niekada nepirkti šio daikto — You won't believe it (Vilnius)",clickbait,1,23212
26 10 reasons you should never buy this gadget — Number 5 is shocking,clickbait,1,13965
38 Didelė saugumo spraga paveikė milijonus vartotojų amid concerns,tech,0,2052
22 Vietos komanda laimėjo nacionalinį čempionatą pratęsimuose,sports,0,29053
"51 10 priežasčių, kodėl niekada nepirkti šio daikto — Read more",clickbait,1,39075
16 Perėjimų gandai: jaunas puolėjas gali kainuoti rekordą (Paris),sports,0,44854
92 Vietos komanda laimėjo nacionalinį čempionatą pratęsimuose,sports,0,10803
69 Star player signs a multi-year contract with club po pranešimo,sports,0,6949
73 Earnings beat expectations as revenue grows in cloud segment,finance,0,28044
63 Messi įmušė įspūdingą įvartį Lygų taurėje (London),sports,0,41701
Investors hedge inflation risk using index-linked bonds po pranešimo (Vilnius),finance,0,37077
76 Apple unveils a new iPhone with advanced camera and AI features analitikų teigimu,tech,0,16942
Vietos komanda laimėjo nacionalinį čempionatą pratęsimuose po pranešimo (Madrid),sports,0,26477
88 Earnings beat expectations as revenue grows in cloud segment (Madrid),finance,0,6094
97 Messi scores a stunning goal in the Champions League match (Kaunas),sports,0,49965
Vietos komanda laimėjo nacionalinį čempionatą pratęsimuose po pranešimo (Kaunas),sports,0,1024
15 Stock market falls amid inflation concerns,finance,0,5196
65 Top 7 secrets companies don't want you to know,clickbait,0,26931
"Central bank cuts rates, markets rally on dovish guidance after report (Vilnius)",finance,0,34078
74 Top 7 secrets companies don't want you to know (Berlin),clickbait,1,21042
34 Transfer rumors suggest a record deal for the young striker (Vilnius),sports,0,33863
22 Apple unveils a new iPhone with advanced camera and AI features,tech,0,6346
19 Šis triukas pakeis jūsų gyvenimą amžiams,clickbait,1,2315
30 10 reasons you should never buy this gadget,clickbait,0,27317
83 This trick will change your life forever (New York),clickbait,1,21368
Žvaigždė pasirašė daugiametę sutartį su klubu — analysts say,sports,0,6268
Vietos komanda laimėjo nacionalinį čempionatą pratęsimuose in a surprise move,sports,0,1036
14 How to speed up your computer with simple tweaks,tech,0,2503
60 Local team wins national championship in overtime,sports,0,4079
99 How to speed up your computer with simple tweaks,tech,0,7455
"63 10 priežasčių, kodėl niekada nepirkti šio daikto — You won't believe it (Paris)",clickbait,1,5706
Startuolis pritraukė 50 mln. USD DI platformos plėtrai po pranešimo (Vilnius),tech,0,10752
49 Coach explains new defensive tactics after the game po pranešimo,sports,0,44581
29 Kaip pagreitinti kompiuterį paprastais triukais,tech,0,37183
10 reasons you should never buy this gadget — Read more (Kaunas),clickbait,1,49514
99 Star player signs a multi-year contract with club,sports,0,20294
88 Top 7 secrets companies don't want you to know (Berlin),clickbait,0,44559
52 Start-up raises $50 million to scale its AI platform,tech,0,12715
55 Earnings beat expectations as revenue grows in cloud segment after report,finance,0,5037
12 Atviro kodo bibliotekos pagreitina mašininio mokymosi procesus,tech,0,11252
15 Perėjimų gandai: jaunas puolėjas gali kainuoti rekordą,sports,0,29353
34 Transfer rumors suggest a record deal for the young striker,sports,0,6935
60 „Apple“ pristatė naują iPhone su pažangia kamera ir DI funkcijomis (Madrid),tech,0,16220
Vietos komanda laimėjo nacionalinį čempionatą pratęsimuose after report (Vilnius),sports,0,3530
44 You won't believe what happened next,clickbait,0,4641
Perėjimų gandai: jaunas puolėjas gali kainuoti rekordą po pranešimo (Paris),sports,0,34792
25 Vietos komanda laimėjo nacionalinį čempionatą pratęsimuose,sports,0,46336
59 Analysts predict record profits for the banking sector,finance,0,9303
16 Treneris aiškino naują gynybos taktiką po rungtynių (New York),sports,0,29676
93 Open-source libraries accelerate machine learning workflows,tech,0,11721
64 How to speed up your computer with simple tweaks amid concerns (New York),tech,0,40281
10 Žvaigždė pasirašė daugiametę sutartį su klubu,sports,0,7655
9 Coach explains new defensive tactics after the game,sports,0,22497
89 Coach explains new defensive tactics after the game po pranešimo,sports,0,39294
Major security breach affects millions of users worldwide (Berlin),tech,0,444
69 Startuolis pritraukė 50 mln. USD DI platformos plėtrai,tech,0,40067
79 Local team wins national championship in overtime,sports,0,11166
36 Earnings beat expectations as revenue grows in cloud segment,finance,0,7607
„Apple“ pristatė naują iPhone su pažangia kamera ir DI funkcijomis in a surprise move (Paris),tech,0,41855
78 You won't believe what happened next,clickbait,1,557
36 Coach explains new defensive tactics after the game,sports,0,33315
64 Messi scores a stunning goal in the Champions League match,sports,0,30889
67 10 reasons you should never buy this gadget,clickbait,1,2759
Open-source libraries accelerate machine learning workflows after report (Berlin),tech,0,38086
80 Open-source libraries accelerate machine learning workflows,tech,0,14330
94 Analysts predict record profits for the banking sector (Vilnius),finance,0,40529
98 Žvaigždė pasirašė daugiametę sutartį su klubu,sports,0,5563
43 This trick will change your life forever,clickbait,0,8013
"87 10 priežasčių, kodėl niekada nepirkti šio daikto — Find out why",clickbait,1,37577
80 Earnings beat expectations as revenue grows in cloud segment,finance,0,8041
"75 Negalėsite patikėti, kas įvyko toliau",clickbait,1,32696
89 Messi scores a stunning goal in the Champions League match,sports,0,25653
19 You won't believe what happened next,clickbait,0,30770
54 Didelė saugumo spraga paveikė milijonus vartotojų dėl rinkos reakcijos (London),tech,0,2119
Kaip pagreitinti kompiuterį paprastais triukais po pranešimo (Madrid),tech,0,12064
95 10 reasons you should never buy this gadget,clickbait,0,41510
Didelė saugumo spraga paveikė milijonus vartotojų after report (Vilnius),tech,0,6215
Transfer rumors suggest a record deal for the young striker (Vilnius),sports,0,4027
Open-source libraries accelerate machine learning workflows in a surprise move (Kaunas),tech,0,43316
66 Startuolis pritraukė 50 mln. USD DI platformos plėtrai,tech,0,45221
18 Startuolis pritraukė 50 mln. USD DI platformos plėtrai (Berlin),tech,0,43614
94 How to speed up your computer with simple tweaks (Vilnius),tech,0,3567
22 Stock market falls amid inflation concerns dėl rinkos reakcijos (New York),finance,0,46741
Top 7 secrets companies don't want you to know (Vilnius),clickbait,0,541
Kaip pagreitinti kompiuterį paprastais triukais analitikų teigimu,tech,0,921
This trick will change your life forever — Number 5 is shocking (Vilnius),clickbait,1,5683
54 Apple unveils a new iPhone with advanced camera and AI features,tech,0,14112
"86 Negalėsite patikėti, kas įvyko toliau — Number 5 is shocking",clickbait,1,12562
39 She did X — what happens next will shock you,clickbait,1,6878
Stock market falls amid inflation concerns (Madrid),finance,0,4790
"4 Ji padarė X — kas nutiks toliau, pribloškia",clickbait,1,38328
6 Coach explains new defensive tactics after the game,sports,0,7819
20 Messi scores a stunning goal in the Champions League match po pranešimo,sports,0,1122
How to speed up your computer with simple tweaks po pranešimo (London),tech,0,28140
4 Local team wins national championship in overtime amid concerns (New York),sports,0,25709
92 Investors hedge inflation risk using index-linked bonds,finance,0,23361
22 Didelė saugumo spraga paveikė milijonus vartotojų,tech,0,19146
54 10 reasons you should never buy this gadget,clickbait,1,23431
Šis triukas pakeis jūsų gyvenimą amžiams — Find out why (Vilnius),clickbait,1,6568
"Negalėsite patikėti, kas įvyko toliau — Number 5 is shocking",clickbait,1,765
Startuolis pritraukė 50 mln. USD DI platformos plėtrai po pranešimo (Berlin),tech,0,18676
26 Major security breach affects millions of users worldwide,tech,0,9962
This trick will change your life forever — Read more (New York),clickbait,1,45987
74 Messi scores a stunning goal in the Champions League match,sports,0,22644
Earnings beat expectations as revenue grows in cloud segment amid concerns (New York),finance,0,17691
Messi įmušė įspūdingą įvartį Lygų taurėje (Kaunas),sports,0,85
43 Žvaigždė pasirašė daugiametę sutartį su klubu,sports,0,11989
49 Coach explains new defensive tactics after the game (Vilnius),sports,0,10464
52 Start-up raises $50 million to scale its AI platform (Berlin),tech,0,13940
42 How to speed up your computer with simple tweaks,tech,0,35516
45 Transfer rumors suggest a record deal for the young striker,sports,0,20299
32 10 reasons you should never buy this gadget,clickbait,1,15563
"Top 7 paslaptys, kurias įmonės nenori, kad žinotumėte — You won't believe it (New York)",clickbait,1,5115
"43 10 priežasčių, kodėl niekada nepirkti šio daikto — Number 5 is shocking",clickbait,1,5482
„Apple“ pristatė naują iPhone su pažangia kamera ir DI funkcijomis po pranešimo,tech,0,1919
16 Messi scores a stunning goal in the Champions League match,sports,0,37961
32 Apple unveils a new iPhone with advanced camera and AI features (London),tech,0,10766
8 Transfer rumors suggest a record deal for the young striker (Madrid),sports,0,8321
Vietos komanda laimėjo nacionalinį čempionatą pratęsimuose (Kaunas),sports,0,34
Vietos komanda laimėjo nacionalinį čempionatą pratęsimuose po pranešimo (Vilnius),sports,0,2961
"10 Central bank cuts rates, markets rally on dovish guidance (Berlin)",finance,0,16357
83 Didelė saugumo spraga paveikė milijonus vartotojų,tech,0,12684
Transfer rumors suggest a record deal for the young striker po pranešimo (New York),sports,0,46831
56 Kaip pagreitinti kompiuterį paprastais triukais,tech,0,40196
Apple unveils a new iPhone with advanced camera and AI features (New York),tech,0,1459
27 Analysts predict record profits for the banking sector,finance,0,16706
40 How to speed up your computer with simple tweaks (Vilnius),tech,0,4178
91 Open-source libraries accelerate machine learning workflows,tech,0,38845
6 Atviro kodo bibliotekos pagreitina mašininio mokymosi procesus,tech,0,37375
68 Messi įmušė įspūdingą įvartį Lygų taurėje (Vilnius),sports,0,42704
54 Vietos komanda laimėjo nacionalinį čempionatą pratęsimuose,sports,0,28825
14 Perėjimų gandai: jaunas puolėjas gali kainuoti rekordą,sports,0,14926
96 Kaip pagreitinti kompiuterį paprastais triukais (Kaunas),tech,0,46473
67 Star player signs a multi-year contract with club analitikų teigimu,sports,0,6654
She did X — what happens next will shock you — You won't believe it (Paris),clickbait,1,4116
53 You won't believe what happened next (Kaunas),clickbait,0,38672
33 Atviro kodo bibliotekos pagreitina mašininio mokymosi procesus (Paris),tech,0,40562
14 Star player signs a multi-year contract with club,sports,0,1765
30 Open-source libraries accelerate machine learning workflows,tech,0,26781
56 Coach explains new defensive tactics after the game,sports,0,469
35 10 reasons you should never buy this gadget (Madrid),clickbait,0,8256
19 Messi scores a stunning goal in the Champions League match in a surprise move,sports,0,46289
6 10 reasons you should never buy this gadget,clickbait,0,1012
26 Open-source libraries accelerate machine learning workflows (New York),tech,0,9959
Start-up raises $50 million to scale its AI platform after report (Vilnius),tech,0,28896
Transfer rumors suggest a record deal for the young striker after report (New York),sports,0,9981
7 Stock market falls amid inflation concerns,finance,0,39522
Messi įmušė įspūdingą įvartį Lygų taurėje dėl rinkos reakcijos (London),sports,0,40116
She did X — what happens next will shock you — Find out why (New York),clickbait,1,41515
37 Startuolis pritraukė 50 mln. USD DI platformos plėtrai,tech,0,5900
56 Didelė saugumo spraga paveikė milijonus vartotojų,tech,0,49365
Startuolis pritraukė 50 mln. USD DI platformos plėtrai (Paris),tech,0,67
92 Apple unveils a new iPhone with advanced camera and AI features (Madrid),tech,0,18414
77 Atviro kodo bibliotekos pagreitina mašininio mokymosi procesus,tech,0,26202
Analysts predict record profits for the banking sector in a surprise move,finance,0,14513
45 She did X — what happens next will shock you,clickbait,0,26734
Earnings beat expectations as revenue grows in cloud segment (Paris),finance,0,1366
60 Star player signs a multi-year contract with club,sports,0,32738
36 You won't believe what happened next (Madrid),clickbait,1,43728
87 Startuolis pritraukė 50 mln. USD DI platformos plėtrai,tech,0,3459
11 Transfer rumors suggest a record deal for the young striker po pranešimo (Berlin),sports,0,7065
36 Star player signs a multi-year contract with club,sports,0,14399
"10 priežasčių, kodėl niekada nepirkti šio daikto — Number 5 is shocking (Berlin)",clickbait,1,16423
This trick will change your life forever — You won't believe it (London),clickbait,1,38530
62 Earnings beat expectations as revenue grows in cloud segment analitikų teigimu,finance,0,46955
Star player signs a multi-year contract with club — analysts say,sports,0,743
41 How to speed up your computer with simple tweaks after report,tech,0,10069
"Top 7 paslaptys, kurias įmonės nenori, kad žinotumėte — Find out why (Berlin)",clickbait,1,24226
26 Star player signs a multi-year contract with club analitikų teigimu,sports,0,5929
53 Investors hedge inflation risk using index-linked bonds,finance,0,15107
Star player signs a multi-year contract with club (Madrid),sports,0,2501
Vietos komanda laimėjo nacionalinį čempionatą pratęsimuose as markets react (Berlin),sports,0,31462
82 Coach explains new defensive tactics after the game,sports,0,18457
Žvaigždė pasirašė daugiametę sutartį su klubu po pranešimo (Madrid),sports,0,10717
95 „Apple“ pristatė naują iPhone su pažangia kamera ir DI funkcijomis (Vilnius),tech,0,31381
"59 Central bank cuts rates, markets rally on dovish guidance",finance,0,7242
94 Startuolis pritraukė 50 mln. USD DI platformos plėtrai (New York),tech,0,47427
71 Start-up raises $50 million to scale its AI platform,tech,0,11194
11 She did X — what happens next will shock you — You won't believe it (London),clickbait,1,16651
"6 Top 7 paslaptys, kurias įmonės nenori, kad žinotumėte",clickbait,1,13672
46 You won't believe what happened next,clickbait,0,17056
"10 priežasčių, kodėl niekada nepirkti šio daikto — Number 5 is shocking",clickbait,1,248
98 Startuolis pritraukė 50 mln. USD DI platformos plėtrai (Madrid),tech,0,34315
"Top 7 paslaptys, kurias įmonės nenori, kad žinotumėte — You won't believe it",clickbait,1,791
89 Open-source libraries accelerate machine learning workflows analitikų teigimu,tech,0,8053
23 Analysts predict record profits for the banking sector,finance,0,10693
41 Start-up raises $50 million to scale its AI platform,tech,0,6249
55 Startuolis pritraukė 50 mln. USD DI platformos plėtrai analitikų teigimu,tech,0,15626
You won't believe what happened next (London),clickbait,1,92
36 Šis triukas pakeis jūsų gyvenimą amžiams — Number 5 is shocking,clickbait,1,7186
Apple unveils a new iPhone with advanced camera and AI features (Kaunas),tech,0,2784
58 Stock market falls amid inflation concerns,finance,0,11185
"19 Ji padarė X — kas nutiks toliau, pribloškia",clickbait,1,9559
59 You won't believe what happened next,clickbait,0,10008
63 Messi įmušė įspūdingą įvartį Lygų taurėje (Vilnius),sports,0,9630
60 Top 7 secrets companies don't want you to know (Paris),clickbait,0,22824
19 Šis triukas pakeis jūsų gyvenimą amžiams — Read more,clickbait,1,14916
7 Analysts predict record profits for the banking sector in a surprise move,finance,0,2697
98 How to speed up your computer with simple tweaks dėl rinkos reakcijos (Madrid),tech,0,46331
21 Apple unveils a new iPhone with advanced camera and AI features,tech,0,25416
29 Atviro kodo bibliotekos pagreitina mašininio mokymosi procesus,tech,0,19941
"93 Negalėsite patikėti, kas įvyko toliau",clickbait,1,28426
Stock market falls amid inflation concerns amid concerns (New York),finance,0,31097
Kaip pagreitinti kompiuterį paprastais triukais after report (London),tech,0,904
93 „Apple“ pristatė naują iPhone su pažangia kamera ir DI funkcijomis,tech,0,26471
Startuolis pritraukė 50 mln. USD DI platformos plėtrai in a surprise move (Berlin),tech,0,16169
68 Šis triukas pakeis jūsų gyvenimą amžiams,clickbait,1,18192
24 Messi scores a stunning goal in the Champions League match,sports,0,26591
95 Coach explains new defensive tactics after the game,sports,0,28344
99 Apple unveils a new iPhone with advanced camera and AI features (Vilnius),tech,0,37257
41 Star player signs a multi-year contract with club po pranešimo,sports,0,12413
Atviro kodo bibliotekos pagreitina mašininio mokymosi procesus — analysts say,tech,0,3012
27 Messi įmušė įspūdingą įvartį Lygų taurėje,sports,0,18701
24 „Apple“ pristatė naują iPhone su pažangia kamera ir DI funkcijomis,tech,0,1073
7 Šis triukas pakeis jūsų gyvenimą amžiams — Read more,clickbait,1,15937
34 Vietos komanda laimėjo nacionalinį čempionatą pratęsimuose after report,sports,0,20105
65 Messi scores a stunning goal in the Champions League match,sports,0,41307
67 Major security breach affects millions of users worldwide,tech,0,45281
Perėjimų gandai: jaunas puolėjas gali kainuoti rekordą (Kaunas),sports,0,5371
"27 Ji padarė X — kas nutiks toliau, pribloškia",clickbait,1,16342
48 Messi įmušė įspūdingą įvartį Lygų taurėje analitikų teigimu,sports,0,31162
53 Didelė saugumo spraga paveikė milijonus vartotojų,tech,0,14957
37 Star player signs a multi-year contract with club (London),sports,0,36159
"42 10 priežasčių, kodėl niekada nepirkti šio daikto",clickbait,1,36097
37 Kaip pagreitinti kompiuterį paprastais triukais,tech,0,33458
33 Start-up raises $50 million to scale its AI platform po pranešimo,tech,0,27028
Messi įmušė įspūdingą įvartį Lygų taurėje — analysts say,sports,0,1727
"94 Central bank cuts rates, markets rally on dovish guidance (Paris)",finance,0,40357
36 Perėjimų gandai: jaunas puolėjas gali kainuoti rekordą,sports,0,49565
91 Žvaigždė pasirašė daugiametę sutartį su klubu (New York),sports,0,33976
55 Šis triukas pakeis jūsų gyvenimą amžiams,clickbait,1,49294
58 „Apple“ pristatė naują iPhone su pažangia kamera ir DI funkcijomis in a surprise move,tech,0,39534
36 Top 7 secrets companies don't want you to know,clickbait,0,23298
7 Coach explains new defensive tactics after the game,sports,0,16147
"61 Ji padarė X — kas nutiks toliau, pribloškia",clickbait,1,46848
"Central bank cuts rates, markets rally on dovish guidance — analysts say (London)",finance,0,14813
17 Perėjimų gandai: jaunas puolėjas gali kainuoti rekordą (Kaunas),sports,0,11715
81 Perėjimų gandai: jaunas puolėjas gali kainuoti rekordą (Paris),sports,0,5017
54 Messi scores a stunning goal in the Champions League match,sports,0,14876
80 This trick will change your life forever (Vilnius),clickbait,1,48495
"81 Central bank cuts rates, markets rally on dovish guidance",finance,0,44683
96 Analysts predict record profits for the banking sector,finance,0,14188
9 Šis triukas pakeis jūsų gyvenimą amžiams,clickbait,1,11597
48 Messi įmušė įspūdingą įvartį Lygų taurėje (London),sports,0,2612
Kaip pagreitinti kompiuterį paprastais triukais dėl rinkos reakcijos (New York),tech,0,33559
41 Stock market falls amid inflation concerns,finance,0,18755
19 Startuolis pritraukė 50 mln. USD DI platformos plėtrai,tech,0,4996
"Central bank cuts rates, markets rally on dovish guidance in a surprise move (Berlin)",finance,0,38949
82 10 reasons you should never buy this gadget,clickbait,0,16159
66 This trick will change your life forever — Find out why,clickbait,1,6440
5 Kaip pagreitinti kompiuterį paprastais triukais,tech,0,29259
Atviro kodo bibliotekos pagreitina mašininio mokymosi procesus analitikų teigimu (Kaunas),tech,0,13277
2 Messi scores a stunning goal in the Champions League match as markets react,sports,0,47099
Analysts predict record profits for the banking sector — analysts say,finance,0,688
48 Investors hedge inflation risk using index-linked bonds,finance,0,6041
15 Analysts predict record profits for the banking sector in a surprise move (New York),finance,0,814
7 Apple unveils a new iPhone with advanced camera and AI features,tech,0,16613
22 Earnings beat expectations as revenue grows in cloud segment,finance,0,5626
She did X — what happens next will shock you,clickbait,0,105
82 This trick will change your life forever,clickbait,0,18258
"94 10 priežasčių, kodėl niekada nepirkti šio daikto — You won't believe it",clickbait,1,36891
40 Analysts predict record profits for the banking sector,finance,0,19969
"56 Top 7 paslaptys, kurias įmonės nenori, kad žinotumėte (Vilnius)",clickbait,1,22975
84 Atviro kodo bibliotekos pagreitina mašininio mokymosi procesus,tech,0,25036
65 This trick will change your life forever,clickbait,1,14411
"2 Ji padarė X — kas nutiks toliau, pribloškia",clickbait,1,36716
Earnings beat expectations as revenue grows in cloud segment analitikų teigimu (Madrid),finance,0,17744
20 10 reasons you should never buy this gadget,clickbait,0,12002
76 Šis triukas pakeis jūsų gyvenimą amžiams,clickbait,1,17107
64 Local team wins national championship in overtime,sports,0,6652
Earnings beat expectations as revenue grows in cloud segment after report,finance,0,226
62 Apple unveils a new iPhone with advanced camera and AI features,tech,0,18792
96 Earnings beat expectations as revenue grows in cloud segment (Kaunas),finance,0,29653
Didelė saugumo spraga paveikė milijonus vartotojų po pranešimo,tech,0,1769
Major security breach affects millions of users worldwide amid concerns (London),tech,0,31810
89 10 reasons you should never buy this gadget,clickbait,1,49212
3 How to speed up your computer with simple tweaks,tech,0,9008
81 Open-source libraries accelerate machine learning workflows amid concerns,tech,0,3885
This trick will change your life forever — Find out why (Kaunas),clickbait,1,40977
68 Coach explains new defensive tactics after the game,sports,0,4145
